Id,Name,ResourceKey,PriceGold,SortOrder,IsEnabled,StartsAt,EndsAt,MaskResourceKey,NameKey
int,string,string,long,int,bool,string?,string?,string,string
1030001,银色纹饰框 01,af_1030001,0,0,True,,,af_1030001_Mask,shop.avatar-frame.1030001
1030002,金色纹饰框 02,af_1030002,500,1,True,,,af_1030002_Mask,shop.avatar-frame.1030002
1030003,金色纹饰框 03,af_1030003,500,2,True,,,af_1030003_Mask,shop.avatar-frame.1030003
1030004,赤色纹饰框 04,af_1030004,500,3,True,,,af_1030004_Mask,shop.avatar-frame.1030004
1030005,翠色纹饰框 05,af_1030005,500,4,True,,,af_1030005_Mask,shop.avatar-frame.1030005
1030006,青色纹饰框 06,af_1030006,500,5,True,,,af_1030006_Mask,shop.avatar-frame.1030006
1030007,青色纹饰框 07,af_1030007,500,6,True,,,af_1030007_Mask,shop.avatar-frame.1030007
1030008,紫色纹饰框 08,af_1030008,500,7,True,,,af_1030008_Mask,shop.avatar-frame.1030008
1030009,青色纹饰框 09,af_1030009,500,8,True,,,af_1030009_Mask,shop.avatar-frame.1030009
1030010,赤色纹饰框 10,af_1030010,500,9,True,,,af_1030010_Mask,shop.avatar-frame.1030010
1030011,银色纹饰框 11,af_1030011,500,10,True,,,af_1030011_Mask,shop.avatar-frame.1030011
1030012,金色纹饰框 12,af_1030012,500,11,True,,,af_1030012_Mask,shop.avatar-frame.1030012
1030013,赤色纹饰框 13,af_1030013,500,12,True,,,af_1030013_Mask,shop.avatar-frame.1030013
1030014,金色纹饰框 14,af_1030014,500,13,True,,,af_1030014_Mask,shop.avatar-frame.1030014
1030015,紫色纹饰框 15,af_1030015,500,14,True,,,af_1030015_Mask,shop.avatar-frame.1030015
1030016,赤色纹饰框 16,af_1030016,500,15,True,,,af_1030016_Mask,shop.avatar-frame.1030016
1030017,青色纹饰框 17,af_1030017,500,16,True,,,af_1030017_Mask,shop.avatar-frame.1030017
1030018,赤色纹饰框 18,af_1030018,500,17,True,,,af_1030018_Mask,shop.avatar-frame.1030018
1030019,翠色纹饰框 19,af_1030019,500,18,True,,,af_1030019_Mask,shop.avatar-frame.1030019
1030020,金色纹饰框 20,af_1030020,500,19,True,,,af_1030020_Mask,shop.avatar-frame.1030020
1030021,金色纹饰框 21,af_1030021,500,20,True,,,af_1030021_Mask,shop.avatar-frame.1030021
1030022,赤色纹饰框 22,af_1030022,500,21,True,,,af_1030022_Mask,shop.avatar-frame.1030022
1030023,赤色纹饰框 23,af_1030023,500,22,True,,,af_1030023_Mask,shop.avatar-frame.1030023
1030024,青色纹饰框 24,af_1030024,500,23,True,,,af_1030024_Mask,shop.avatar-frame.1030024
1030025,翠色纹饰框 25,af_1030025,500,24,True,,,af_1030025_Mask,shop.avatar-frame.1030025
1030026,紫色纹饰框 26,af_1030026,500,25,True,,,af_1030026_Mask,shop.avatar-frame.1030026
1030027,青色纹饰框 27,af_1030027,500,26,True,,,af_1030027_Mask,shop.avatar-frame.1030027
1030028,金色纹饰框 28,af_1030028,500,27,True,,,af_1030028_Mask,shop.avatar-frame.1030028
1030029,银色纹饰框 29,af_1030029,500,28,True,,,af_1030029_Mask,shop.avatar-frame.1030029
1030030,赤色纹饰框 30,af_1030030,500,29,True,,,af_1030030_Mask,shop.avatar-frame.1030030
1030031,金色纹饰框 31,af_1030031,500,30,True,,,af_1030031_Mask,shop.avatar-frame.1030031
1030032,银色纹饰框 32,af_1030032,500,31,True,,,af_1030032_Mask,shop.avatar-frame.1030032
1030033,金色纹饰框 33,af_1030033,500,32,True,,,af_1030033_Mask,shop.avatar-frame.1030033
1030034,青色纹饰框 34,af_1030034,500,33,True,,,af_1030034_Mask,shop.avatar-frame.1030034
1031001,青色纹饰框 35,af_1031001,500,34,True,,,af_1031001_Mask,shop.avatar-frame.1031001
1031002,赤色纹饰框 36,af_1031002,500,35,True,,,af_1031002_Mask,shop.avatar-frame.1031002
1031003,金色纹饰框 37,af_1031003,500,36,True,,,af_1031003_Mask,shop.avatar-frame.1031003
1031004,金色纹饰框 38,af_1031004,500,37,True,,,af_1031004_Mask,shop.avatar-frame.1031004
1031005,赤色纹饰框 39,af_1031005,500,38,True,,,af_1031005_Mask,shop.avatar-frame.1031005
1031006,青色纹饰框 40,af_1031006,500,39,True,,,af_1031006_Mask,shop.avatar-frame.1031006
1031007,青色纹饰框 41,af_1031007,500,40,True,,,af_1031007_Mask,shop.avatar-frame.1031007
1031008,银色纹饰框 42,af_1031008,500,41,True,,,af_1031008_Mask,shop.avatar-frame.1031008
1031009,银色纹饰框 43,af_1031009,500,42,True,,,af_1031009_Mask,shop.avatar-frame.1031009
1031010,金色纹饰框 44,af_1031010,500,43,True,,,af_1031010_Mask,shop.avatar-frame.1031010
1031011,金色纹饰框 45,af_1031011,500,44,True,,,af_1031011_Mask,shop.avatar-frame.1031011
1031012,银色纹饰框 46,af_1031012,500,45,True,,,af_1031012_Mask,shop.avatar-frame.1031012
1031013,银色纹饰框 47,af_1031013,500,46,True,,,af_1031013_Mask,shop.avatar-frame.1031013
1031014,紫色纹饰框 48,af_1031014,500,47,True,,,af_1031014_Mask,shop.avatar-frame.1031014
1032001,金色纹饰框 49,af_1032001,500,48,True,,,af_1032001_Mask,shop.avatar-frame.1032001
1032002,金色纹饰框 50,af_1032002,500,49,True,,,af_1032002_Mask,shop.avatar-frame.1032002
1032003,银色纹饰框 51,af_1032003,500,50,True,,,af_1032003_Mask,shop.avatar-frame.1032003
1032004,金色纹饰框 52,af_1032004,500,51,True,,,af_1032004_Mask,shop.avatar-frame.1032004
1032005,银色纹饰框 53,af_1032005,500,52,True,,,af_1032005_Mask,shop.avatar-frame.1032005
1032006,银色纹饰框 54,af_1032006,500,53,True,,,af_1032006_Mask,shop.avatar-frame.1032006
1032007,赤色纹饰框 55,af_1032007,500,54,True,,,af_1032007_Mask,shop.avatar-frame.1032007
1032008,赤色纹饰框 56,af_1032008,500,55,True,,,af_1032008_Mask,shop.avatar-frame.1032008
1032009,银色纹饰框 57,af_1032009,500,56,True,,,af_1032009_Mask,shop.avatar-frame.1032009
1033001,赤色纹饰框 58,af_1033001,500,57,True,,,af_1033001_Mask,shop.avatar-frame.1033001
1033002,紫色纹饰框 59,af_1033002,500,58,True,,,af_1033002_Mask,shop.avatar-frame.1033002
1033003,银色纹饰框 60,af_1033003,500,59,True,,,af_1033003_Mask,shop.avatar-frame.1033003
