Id,Name,ResourceKey,PriceGold,SortOrder,IsEnabled,StartsAt,EndsAt
int,string,string,long,int,bool,string?,string?
0,头像00,a_00,200,0,True,2026-01-01T00:00:00+08:00,2099-12-31T23:59:59+08:00
1,头像01,a_01,400,1,True,2026-01-01T00:00:00+08:00,2099-12-31T23:59:59+08:00
2,头像02,a_02,600,2,True,2026-01-01T00:00:00+08:00,2099-12-31T23:59:59+08:00
3,头像03,a_03,800,3,True,2026-01-01T00:00:00+08:00,2099-12-31T23:59:59+08:00
4,头像04,a_04,1000,4,True,2026-01-01T00:00:00+08:00,2099-12-31T23:59:59+08:00
5,头像05,a_05,1200,5,True,2026-01-01T00:00:00+08:00,2099-12-31T23:59:59+08:00
6,头像06,a_06,1400,6,True,2026-01-01T00:00:00+08:00,2099-12-31T23:59:59+08:00
7,头像07,a_07,1600,7,True,2026-01-01T00:00:00+08:00,2099-12-31T23:59:59+08:00
8,头像08,a_08,1800,8,True,2026-01-01T00:00:00+08:00,2099-12-31T23:59:59+08:00
9,头像09,a_09,2000,9,True,2026-01-01T00:00:00+08:00,2099-12-31T23:59:59+08:00
10,头像10,a_10,2200,10,True,2026-01-01T00:00:00+08:00,2099-12-31T23:59:59+08:00
11,头像11,a_11,2400,11,True,2026-01-01T00:00:00+08:00,2099-12-31T23:59:59+08:00
12,头像12,a_12,2600,12,True,2026-01-01T00:00:00+08:00,2099-12-31T23:59:59+08:00
13,头像13,a_13,2800,13,True,2026-01-01T00:00:00+08:00,2099-12-31T23:59:59+08:00
