Id,Title,CoverResourceKey,PoolKey,PriceGold,SortOrder,IsEnabled,StartsAt,EndsAt
int,string,string,string,long,int,bool,string?,string?
1,卡包00,c_00,Card01,100,0,True,2026-01-01T00:00:00+08:00,2099-12-31T23:59:59+08:00
2,卡包01,c_01,Card02,200,1,True,2026-01-01T00:00:00+08:00,2099-12-31T23:59:59+08:00
3,卡包02,c_02,Card03,300,2,True,2026-01-01T00:00:00+08:00,2099-12-31T23:59:59+08:00
4,卡包03,c_03,Card01,400,3,True,2026-01-01T00:00:00+08:00,2099-12-31T23:59:59+08:00
5,卡包04,c_04,Card02,500,4,True,2026-01-01T00:00:00+08:00,2099-12-31T23:59:59+08:00
6,卡包05,c_05,Card03,600,5,True,2026-01-01T00:00:00+08:00,2099-12-31T23:59:59+08:00
7,卡包06,c_06,Card01,700,6,True,2026-01-01T00:00:00+08:00,2099-12-31T23:59:59+08:00
8,卡包07,c_07,Card02,800,7,True,2026-01-01T00:00:00+08:00,2099-12-31T23:59:59+08:00
9,卡包08,c_08,Card03,900,8,True,2026-01-01T00:00:00+08:00,2099-12-31T23:59:59+08:00
10,卡包09,c_09,Card01,1000,9,True,2026-01-01T00:00:00+08:00,2099-12-31T23:59:59+08:00
11,卡包10,c_10,Card02,1100,10,True,2026-01-01T00:00:00+08:00,2099-12-31T23:59:59+08:00
