CardId,Section
string,string
00213326,Main
01639384,Extra
01948619,Extra
02129638,Extra
02530830,Extra
06637331,Main
06853254,Main
08165596,Extra
08240199,Main
08491308,Extra
08949584,Main
09411399,Main
09726840,Main
10186633,Main
12163590,Main
12421694,Extra
14558127,Main
15848542,Main
16960120,Main
17217034,Extra
17955766,Main
18144507,Main
18963306,Extra
19324993,Extra
19652159,Extra
20357457,Main
21143940,Main
22908820,Extra
23204029,Extra
23434538,Main
24010609,Main
24094653,Main
24224830,Main
24299458,Main
24361622,Extra
24799107,Extra
25072579,Extra
25311006,Main
26077389,Main
27204311,Main
27780618,Main
29301450,Extra
32600024,Main
32807848,Main
32828466,Extra
33698022,Extra
33854624,Main
34433770,Main
35261759,Main
35269904,Main
37351133,Main
38120068,Main
38517737,Main
39030163,Extra
39701395,Main
40044918,Main
40110009,Main
40908371,Extra
41232647,Extra
41420027,Main
41620959,Main
42055234,Main
42141493,Main
45467446,Main
45906428,Main
48658295,Extra
48800175,Main
49299410,Main
50005218,Main
50720316,Main
50954680,Extra
55063751,Main
55144522,Main
55171412,Extra
56733747,Extra
56741506,Extra
57416183,Main
58004362,Extra
58481572,Extra
59822133,Extra
60461804,Extra
62002838,Main
63013339,Extra
63060238,Main
63166096,Main
63288574,Extra
63356631,Main
63767246,Extra
64332231,Extra
65681983,Main
66011101,Extra
69946549,Extra
70368879,Main
70538272,Extra
71039903,Main
71587526,Main
73539069,Extra
73628505,Main
73642296,Main
75047173,Main
75147529,Extra
76072561,Extra
78231356,Main
79814787,Main
81439173,Main
83838727,Main
83994433,Extra
88453933,Main
89631139,Main
89943723,Main
90673289,Extra
92892239,Extra
93039339,Extra
93347961,Extra
94145021,Main
97268402,Main
98338152,Main
98462037,Extra
