Id,Name,ResourceKey,PriceGold,SortOrder,IsEnabled,StartsAt,EndsAt,NameKey
int,string,string,long,int,bool,string?,string?,string
0,壁纸00,c_00,500,0,True,2026-01-01T00:00:00+08:00,2099-12-31T23:59:59+08:00,shop.wallpaper.0
1,壁纸01,c_01,1000,1,True,2026-01-01T00:00:00+08:00,2099-12-31T23:59:59+08:00,shop.wallpaper.1
2,壁纸02,c_02,1500,2,True,2026-01-01T00:00:00+08:00,2099-12-31T23:59:59+08:00,shop.wallpaper.2
3,壁纸03,c_03,2000,3,True,2026-01-01T00:00:00+08:00,2099-12-31T23:59:59+08:00,shop.wallpaper.3
4,壁纸04,c_04,2500,4,True,2026-01-01T00:00:00+08:00,2099-12-31T23:59:59+08:00,shop.wallpaper.4
5,壁纸05,c_05,3000,5,True,2026-01-01T00:00:00+08:00,2099-12-31T23:59:59+08:00,shop.wallpaper.5
6,壁纸06,c_06,3500,6,True,2026-01-01T00:00:00+08:00,2099-12-31T23:59:59+08:00,shop.wallpaper.6
7,壁纸07,c_07,4000,7,True,2026-01-01T00:00:00+08:00,2099-12-31T23:59:59+08:00,shop.wallpaper.7
8,壁纸08,c_08,4500,8,True,2026-01-01T00:00:00+08:00,2099-12-31T23:59:59+08:00,shop.wallpaper.8
9,壁纸09,c_09,5000,9,True,2026-01-01T00:00:00+08:00,2099-12-31T23:59:59+08:00,shop.wallpaper.9
10,壁纸10,c_10,5500,10,True,2026-01-01T00:00:00+08:00,2099-12-31T23:59:59+08:00,shop.wallpaper.10
