Id,Sprite,Down
int,float[],float[]
0,"[480.0, 20.0, 0.0]","[480.0, 20.0, 0.0]"
1,"[480.0, 100.0, 0.0]","[480.0, 20.0, 0.0]"
2,"[300.0, 20.0, 0.0]","[300.0, 100.0, 0.0]"
3,"[500.0, 200.0, 0.0]","[500.0, 200.0, 0.0]"
4,"[480.0, 20.0, 0.0]","[480.0, 20.0, 0.0]"
5,"[300.0, 20.0, 0.0]","[300.0, 20.0, 0.0]"
6,"[200.0, 50.0, 0.0]","[200.0, 500.0, 0.0]"
7,"[200.0, 50.0, 0.0]","[200.0, 50.0, 0.0]"
8,"[200.0, 200.0, 0.0]","[200.0, 200.0, 0.0]"
9,"[200.0, 200.0, 0.0]","[200.0, 200.0, 0.0]"
10,"[0.0, 200.0, 0.0]","[0.0, 200.0, 0.0]"
