key,zh-CN,en
ui.login.register,注册,Register
ui.login.back_to_login,返回登录,Back to Login
ui.login.placeholder_account,请输入账号,Enter account
ui.login.placeholder_password,请输入密码,Enter password
ui.login.placeholder_password_again,请再次输入密码,Re-enter password
ui.nickname.placeholder,输入更改后的ID,Enter new nickname
ui.shop.tab_pack,卡包,Packs
ui.shop.tab_avatar,头像,Avatars
ui.shop.tab_wallpaper,壁纸,Wallpapers
ui.shop.remaining_time_label,剩余时间:,Time left:
ui.shop.remaining_ended,已结束,Ended
ui.shop.remaining_days,{count}天,{count} days
ui.shop.remaining_hours,{count}小时,{count} hours
ui.shop.remaining_minutes,{count}分钟,{count} minutes
ui.shop.confirm_draw,确认花费 {gold} 金币抽取{title}？,Spend {gold} gold to draw {title}?
ui.shop.confirm_buy,确认花费 {gold} 金币购买{name}?,Spend {gold} gold to buy {name}?
ui.common.next,Next,Next
ui.common.progress,{current}/{total},{current}/{total}
ui.common.play,Play,Play
ui.common.gift_pack,礼包,Gift Pack
ui.common.gold_amount,{gold},{gold}
ui.common.hello,你好,Hello
ui.card.race.warrior,战士族,Warrior
ui.card.race.spellcaster,魔法师族,Spellcaster
ui.card.race.fairy,天使族,Fairy
ui.card.race.fiend,恶魔族,Fiend
ui.card.race.zombie,不死族,Zombie
ui.card.race.machine,机械族,Machine
ui.card.race.aqua,水族,Aqua
ui.card.race.pyro,炎族,Pyro
ui.card.race.rock,岩石族,Rock
ui.card.race.winged_beast,鸟兽族,Winged Beast
ui.card.race.plant,植物族,Plant
ui.card.race.insect,昆虫族,Insect
ui.card.race.thunder,雷族,Thunder
ui.card.race.dragon,龙族,Dragon
ui.card.race.beast,兽族,Beast
ui.card.race.beast_warrior,兽战士族,Beast-Warrior
ui.card.race.dinosaur,恐龙族,Dinosaur
ui.card.race.fish,鱼族,Fish
ui.card.race.sea_serpent,海龙族,Sea Serpent
ui.card.race.reptile,爬虫类族,Reptile
ui.card.race.psychic,念动力族,Psychic
ui.card.race.divine_beast,幻神兽族,Divine-Beast
ui.card.race.creator_god,创造神族,Creator God
ui.card.race.wyrm,幻龙族,Wyrm
ui.card.race.cyberse,电子界族,Cyberse
ui.card.race.illusion,幻想魔族,Illusion
ui.card.frame.ritual,仪式,Ritual
ui.card.frame.fusion,融合,Fusion
ui.card.frame.synchro,同调,Synchro
ui.card.frame.xyz,超量,Xyz
ui.card.frame.link,连接,Link
ui.card.flag.tuner,调整,Tuner
ui.card.flag.effect,效果,Effect
ui.card.flag.special_summon,特殊召唤,Special Summon
ui.card.spell.normal,通常魔法,Normal Spell
ui.card.spell.quick,速攻魔法,Quick-Play Spell
ui.card.spell.continuous,永续魔法,Continuous Spell
ui.card.spell.equip,装备魔法,Equip Spell
ui.card.spell.field,场地魔法,Field Spell
ui.card.spell.ritual,仪式魔法,Ritual Spell
ui.card.trap.normal,通常陷阱,Normal Trap
ui.card.trap.continuous,永续陷阱,Continuous Trap
ui.card.trap.counter,反击陷阱,Counter Trap
ui.placeholder.new_text,New Text,New Text
ui.placeholder.title,这是一个标题的占位测试,Title placeholder
ui.loading,正在加载中...,Loading...
ui.update.downloading,正在下载,Downloading
ui.update.percent,{percent}%,{percent}%
err.account_exists,该账号已被注册,This account is already registered
err.invalid_credentials,账号或密码错误,Incorrect account or password
err.invalid_access_token,登录状态已失效，请重新登录,"Session expired, please log in again"
err.invalid_refresh_token,登录状态已失效，请重新登录,"Session expired, please log in again"
err.session_changed,登录状态已变更，请重试,"Session changed, please retry"
err.player_data_changed,玩家数据已发生变化，请刷新后重试,"Player data changed, please refresh and retry"
err.avatar_not_owned,尚未拥有该头像,You do not own this avatar
err.wallpaper_not_owned,尚未拥有该壁纸,You do not own this wallpaper
err.no_owned_wallpaper,没有已拥有壁纸,No owned wallpaper
err.avatar_not_available,该头像不存在或尚未启用,This avatar is unavailable
err.wallpaper_not_available,该壁纸不存在或尚未启用,This wallpaper is unavailable
err.item_already_owned,已拥有该商品,Item already owned
err.already_owned,已拥有,Already owned
err.insufficient_gold,金币不足,Not enough gold
err.invalid_draw_count,一次抽取数量须为 1-10,Draw count must be 1-10
err.card_pack_not_available,该卡包不存在或尚未启用,This pack is unavailable
err.card_pack_pool_mismatch,卡包与卡池不匹配,Pack and pool mismatch
err.pack_pool_missing,该卡包未配置卡池,This pack has no pool configured
err.gacha_config_empty,尚未导入抽卡配置,Gacha config is empty
err.all_cards_empty,尚未导入全部卡牌,Card catalog is empty
err.gacha_pool_not_found,卡池不存在,Pool not found
err.game_config_not_published,游戏配置尚未发布,Game config is not published
err.validation_error,玩家资料格式不正确,Invalid player profile
err.nickname_invalid,昵称需为 2-24 个字符且不能包含控制字符,Nickname must be 2-24 characters without control characters
err.rate_limited,操作过于频繁，请稍后再试,"Too many requests, please try again later"
err.network_error,无法连接服务器，请检查网络,Cannot connect to the server
err.http_error,服务器请求失败，请稍后再试,"Server request failed, please try again later"
err.bad_request,请求格式不正确,Invalid request format
err.not_found,请求的资源不存在,The requested resource does not exist
err.method_not_allowed,请求方法不受支持,Method not allowed
err.payload_too_large,请求内容过大,Payload too large
err.unsupported_media_type,请求内容类型不受支持,Unsupported media type
err.request_failed,请求处理失败,Request failed
err.username_invalid,账号需为 3-24 位英文、数字或下划线,"Account must be 3-24 letters, numbers, or underscores"
err.password_length,密码长度需为 8-128 位,Password must be 8-128 characters
err.password_weak,密码过弱,Password is too weak
err.password_mismatch,两次输入的密码不一致,Passwords do not match
err.login_failed,登录失败，请稍后重试,"Login failed, please try again later"
err.enter_lobby_failed,进入大厅失败，请稍后再试,"Failed to enter lobby, please try again later"
err.purchase_failed,购买失败,Purchase failed
err.purchase_failed_retry,购买失败，请稍后重试,"Purchase failed, please try again later"
err.draw_failed,抽卡失败,Draw failed
err.draw_failed_retry,抽卡失败，请稍后重试,"Draw failed, please try again later"
err.card_art_load_failed,卡图加载失败，请稍后重试,"Failed to load card art, please try again later"
err.pool_load_failed,卡池加载失败，请稍后重试,"Failed to load card pool, please try again later"
err.avatar_list_load_failed,头像列表加载失败，请稍后重试,"Failed to load avatars, please try again later"
err.rename_failed,修改昵称失败，请稍后重试,"Failed to change nickname, please try again later"
err.change_avatar_failed,修改头像失败，请稍后重试,"Failed to change avatar, please try again later"
err.change_wallpaper_failed,壁纸切换失败,Failed to change wallpaper
err.invalid_response,服务器响应无效，请稍后再试,"Invalid server response, please try again later"
err.invalid_response.login_incomplete,服务器返回的登录数据不完整,Login data from server is incomplete
err.invalid_response.player_mismatch,服务器返回的玩家身份不一致,Player identity from server does not match
err.invalid_response.draw_incomplete,服务器返回的抽卡数据不完整,Draw data from server is incomplete
err.invalid_response.pool_incomplete,服务器返回的卡池数据不完整,Pool data from server is incomplete
err.invalid_response.game_config_invalid,服务器返回的游戏配置无效,Game config from server is invalid
err.invalid_response.game_config_etag,服务器响应缺少游戏配置版本标识,Server response is missing the game config version
err.content_update_failed,内容更新失败,Content update failed
err.hot_update_boot_missing,HotUpdateEntry.Boot 启动接口不存在。,HotUpdateEntry.Boot is missing.
err.aot_metadata_failed,读取 AOT 元数据失败：{file}，{error},"Failed to read AOT metadata: {file}, {error}"
err.content_version_failed,获取内容版本失败：{error},Failed to fetch content version: {error}
err.content_manifest_invalid,内容清单无效：{message},Invalid content manifest: {message}
err.hot_update_dll_url_invalid,热更 DLL 地址无效：{message},Invalid hot-update DLL URL: {message}
err.hot_update_dll_download_failed,下载热更 DLL 失败：{error},Failed to download hot-update DLL: {error}
err.hot_update_dll_checksum_failed,热更 DLL 的长度或 SHA-256 校验失败。,Hot-update DLL size or SHA-256 check failed.
err.hot_update_cache_write_failed,写入热更缓存失败：{message},Failed to write hot-update cache: {message}
err.unknown_network,未知网络错误,Unknown network error
shop.avatar.00,头像00,Avatar 00
shop.avatar.01,头像01,Avatar 01
shop.avatar.02,头像02,Avatar 02
shop.avatar.03,头像03,Avatar 03
shop.avatar.04,头像04,Avatar 04
shop.avatar.05,头像05,Avatar 05
shop.avatar.06,头像06,Avatar 06
shop.avatar.07,头像07,Avatar 07
shop.avatar.08,头像08,Avatar 08
shop.avatar.09,头像09,Avatar 09
shop.avatar.10,头像10,Avatar 10
shop.avatar.11,头像11,Avatar 11
shop.avatar.12,头像12,Avatar 12
shop.avatar.13,头像13,Avatar 13
shop.wallpaper.00,壁纸00,Wallpaper 00
shop.wallpaper.01,壁纸01,Wallpaper 01
shop.wallpaper.02,壁纸02,Wallpaper 02
shop.wallpaper.03,壁纸03,Wallpaper 03
shop.wallpaper.04,壁纸04,Wallpaper 04
shop.wallpaper.05,壁纸05,Wallpaper 05
shop.wallpaper.06,壁纸06,Wallpaper 06
shop.wallpaper.07,壁纸07,Wallpaper 07
shop.wallpaper.08,壁纸08,Wallpaper 08
shop.wallpaper.09,壁纸09,Wallpaper 09
shop.wallpaper.10,壁纸10,Wallpaper 10
shop.pack.01,卡包00,Card Pack 01
shop.pack.02,卡包01,Card Pack 02
shop.pack.03,卡包02,Card Pack 03
shop.pack.04,卡包03,Card Pack 04
shop.pack.05,卡包04,Card Pack 05
shop.pack.06,卡包05,Card Pack 06
shop.pack.07,卡包06,Card Pack 07
shop.pack.08,卡包07,Card Pack 08
shop.pack.09,卡包08,Card Pack 09
shop.pack.10,卡包09,Card Pack 10
shop.pack.11,卡包10,Card Pack 11
card.00213326.name,E-紧急呼唤,E - Emergency Call
card.00213326.types,[魔法],[Spell]
card.00213326.desc,①：从卡组把1只「元素英雄」怪兽加入手卡。,"Add 1 ""Elemental HERO"" monster from your Deck to your hand."
card.01639384.name,神龙骑士 闪耀,Divine Dragon Knight Felgrand
card.01639384.types,[怪兽|效果|超量] 战士/光,[Monster|Effect|Xyz] Warrior/LIGHT
card.01639384.desc,"8星怪兽×2
①：1回合1次，把这张卡1个超量素材取除，以场上1只表侧表示怪兽为对象才能发动。这个回合，作为对象的怪兽效果无效，不受这张卡以外的效果影响。这个效果在对方回合也能发动。","2 Level 8 monsters
Once per turn, during either player's turn: You can detach 1 Xyz Material from this card, then target 1 face-up monster on the field; this turn, its effects are negated, but it is unaffected by other card effects."
card.01948619.name,特异英雄 神杖先驱,Xtra HERO Wonder Driver
card.01948619.types,[怪兽|效果|连接] 战士/光,[Monster|Effect|Link] Warrior/LIGHT
card.01948619.desc,"「英雄」怪兽2只
这个卡名的①的效果1回合只能使用1次。
①：作为这张卡所连接区的自己场上有「英雄」怪兽召唤·特殊召唤的场合，以自己墓地的「融合」魔法卡、「变化」速攻魔法卡的其中1张为对象发动。那张卡在自己场上盖放。
②：这张卡被战斗或者对方的效果破坏送去墓地的场合才能发动。从手卡把1只「英雄」怪兽特殊召唤。","2 ""HERO"" monsters
If a ""HERO"" monster is Normal or Special Summoned to your zone this card points to: Target 1 ""Polymerization"" Spell Card, 1 ""Fusion"" Spell Card, or 1 ""Change"" Quick-Play Spell Card in your GY; Set that target. You can only activate this effect of ""Xtra HERO Wonder Driver"" once per turn. If this card is destroyed by battle and sent to the GY, or if this card in your possession is destroyed by an opponent's card effect and sent to your GY: Special Summon 1 ""HERO"" monster from your hand."
card.02129638.name,青眼双爆裂龙,Blue-Eyes Twin Burst Dragon
card.02129638.types,[怪兽|效果|融合] 龙/光,[Monster|Effect|Fusion] Dragon/LIGHT
card.02129638.desc,"「青眼白龙」＋「青眼白龙」
这张卡用融合召唤以及以下方法才能特殊召唤。
●把自己的怪兽区域的上记的卡送去墓地的场合可以从额外卡组特殊召唤。
①：这张卡不会被战斗破坏。
②：这张卡在同1次的战斗阶段中最多2次可以向怪兽攻击。
③：这张卡的攻击没让对方怪兽被破坏的伤害步骤结束时才能发动。那只对方怪兽除外。","""Blue-Eyes White Dragon"" + ""Blue-Eyes White Dragon""
Must be either Fusion Summoned, or Special Summoned by sending the above monsters you control to the GY (in which case you do not use ""Polymerization""). Cannot be destroyed by battle. This card can make up to 2 attacks on monsters during each Battle Phase. At the end of the Damage Step, when this card attacks an opponent's monster, but the opponent's monster was not destroyed by the battle: You can banish that opponent's monster."
card.02530830.name,银河眼光波刃龙,Galaxy-Eyes Cipher Blade Dragon
card.02530830.types,[怪兽|效果|超量] 龙/光,[Monster|Effect|Xyz] Dragon/LIGHT
card.02530830.desc,"9星怪兽×3
这张卡也能在自己场上的8阶「银河眼」超量怪兽上面重叠来超量召唤。这张卡不能作为超量召唤的素材。
①：1回合1次，把这张卡1个超量素材取除，以场上1张卡为对象才能发动。那张卡破坏。
②：超量召唤的这张卡被对方怪兽的攻击或者对方的效果破坏送去墓地的场合，以自己墓地1只「银河眼光波龙」为对象才能发动。那只怪兽特殊召唤。","3 Level 9 monsters
You can also Xyz Summon this card by using a Rank 8 ""Galaxy-Eyes"" Xyz Monster you control as material. (Transfer its materials to this card.) Cannot be used as material for an Xyz Summon. Once per turn: You can detach 1 material from this card, then target 1 card on the field; destroy it. If this Xyz Summoned card you control, is destroyed by battle with an opponent's attacking monster, or destroyed by an opponent's card effect, and sent to your GY: You can target 1 ""Galaxy-Eyes Cipher Dragon"" in your GY; Special Summon it."
card.06853254.name,复活之福音,Return of the Dragon Lords
card.06853254.types,[魔法],[Spell]
card.06853254.desc,"①：以自己墓地1只7·8星的龙族怪兽为对象才能发动。那只怪兽特殊召唤。
②：自己场上的龙族怪兽被战斗·效果破坏的场合，可以作为代替把墓地的这张卡除外。","Target 1 Level 7 or 8 Dragon monster in your GY; Special Summon it. If a Dragon monster(s) you control would be destroyed by battle or card effect, you can banish this card from your GY instead."
card.08165596.name,No.90 银河眼光子卿,Number 90: Galaxy-Eyes Photon Lord
card.08165596.types,[怪兽|效果|超量] 战士/光,[Monster|Effect|Xyz] Warrior/LIGHT
card.08165596.desc,"8星怪兽×2
这个卡名的②③的效果1回合各能使用1次。
①：有「光子」卡在作为超量素材中的这张卡不会被效果破坏。
②：对方把怪兽的效果发动时，把这张卡1个超量素材取除才能发动。那个效果无效。取除的超量素材是「银河」卡的场合，再把那只怪兽破坏。
③：对方回合才能发动。从卡组选1张「光子」卡或「银河」卡加入手卡或作为这张卡的超量素材。","2 Level 8 monsters
If this card has a ""Photon"" card as material, it cannot be destroyed by card effects. You can only use each of the following effects of ""Number 90: Galaxy-Eyes Photon Lord"" once per turn.
● When an opponent's monster activates its effect (Quick Effect): You can detach 1 material from this card; negate that monster's effect, and if the detached material was a ""Galaxy"" card, destroy that card.
● During your opponent's turn (Quick Effect): You can take 1 ""Photon"" or ""Galaxy"" card from your Deck, and either add it to your hand or attach it to this card as material."
card.08240199.name,青色眼睛的贤士,Sage with Eyes of Blue
card.08240199.types,[怪兽|效果|调整] 魔法师/光,[Monster|Effect|Tuner] Spellcaster/LIGHT
card.08240199.desc,"这个卡名的②的效果1回合只能使用1次。
①：这张卡召唤时才能发动。从卡组把「青色眼睛的贤士」以外的1只光属性·1星调整加入手卡。
②：把这张卡从手卡丢弃，以自己场上1只效果怪兽为对象才能发动。那只怪兽送去墓地，从卡组把1只「青眼」怪兽特殊召唤。","When this card is Normal Summoned: You can add 1 Level 1 LIGHT Tuner from your Deck to your hand, except ""Sage with Eyes of Blue"". You can discard this card, then target 1 Effect Monster you control; send it to the GY, and if you do, Special Summon 1 ""Blue-Eyes"" monster from your Deck. You can only use this effect of ""Sage with Eyes of Blue"" once per turn."
card.08491308.name,闪刀姬-飒天,Sky Striker Ace - Hayate
card.08491308.types,[怪兽|效果|连接] 机械/风,[Monster|Effect|Link] Machine/WIND
card.08491308.desc,"风属性以外的「闪刀姬」怪兽1只
自己对「闪刀姬-飒天」1回合只能有1次特殊召唤。
①：这张卡可以直接攻击。
②：这张卡进行战斗的伤害计算后才能发动。从卡组把1张「闪刀」卡送去墓地。","1 non-WIND ""Sky Striker Ace"" monster
You can only Special Summon ""Sky Striker Ace - Hayate(s)"" once per turn. This card can attack directly. After damage calculation, if this card battled: You can send 1 ""Sky Striker"" card from your Deck to the GY."
card.08949584.name,英雄到来,A Hero Lives
card.08949584.types,[魔法],[Spell]
card.08949584.desc,①：自己场上没有表侧表示怪兽存在的场合，把基本分支付一半才能发动。从卡组把1只4星以下的「元素英雄」怪兽特殊召唤。,"If you control no face-up monsters: Pay half your LP; Special Summon 1 Level 4 or lower ""Elemental HERO"" monster from your Deck."
card.09411399.name,命运英雄 魔性人,Destiny HERO - Malicious
card.09411399.types,[怪兽|效果] 战士/暗,[Monster|Effect] Warrior/DARK
card.09411399.desc,①：把墓地的这张卡除外才能发动。从卡组把1只「命运英雄 魔性人」特殊召唤。,"You can banish this card from your GY; Special Summon 1 ""Destiny HERO - Malicious"" from your Deck."
card.09726840.name,闪刀起动-连刀,Sky Striker Mobilize - Linkage!
card.09726840.types,[魔法|速攻],[Spell|Quick-Play]
card.09726840.desc,①：自己的主要怪兽区域没有怪兽存在的场合才能发动。自己场上1张其他卡送去墓地，从额外卡组把1只「闪刀姬」怪兽在额外怪兽区域特殊召唤。自己的场上·墓地有光属性和暗属性的「闪刀姬」怪兽各存在的场合，这个效果特殊召唤的怪兽的攻击力上升1000。这张卡的发动后，直到回合结束时自己不是「闪刀姬」怪兽不能从额外卡组特殊召唤。,"If you control no monsters in your Main Monster Zone: You cannot Special Summon monsters from the Extra Deck for the rest of this turn after this card resolves, except ""Sky Striker Ace"" monsters, also send 1 other card you control to the GY, and if you do, Special Summon 1 ""Sky Striker Ace"" monster from your Extra Deck to the Extra Monster Zone, and if you have at least 1 LIGHT and 1 DARK ""Sky Striker Ace"" monsters on your field and/or in your GY, the Summoned monster gains 1000 ATK."
card.10186633.name,EN切换,EN Shuffle
card.10186633.types,[魔法],[Spell]
card.10186633.desc,"这个卡名的①②的效果1回合各能使用1次。
①：选自己场上1只「元素英雄」怪兽或者「新空间侠」怪兽回到持有者卡组，和那只怪兽卡名不同的1只「元素英雄」怪兽或者「新空间侠」怪兽从卡组特殊召唤。
②：把墓地的这张卡除外才能发动。从自己墓地选「元素英雄」怪兽和「新空间侠」怪兽各1只或者「元素英雄 新宇侠」1只回到卡组。那之后，自己从卡组抽1张。","Shuffle 1 ""Elemental HERO"" or ""Neo-Spacian"" monster you control into the Deck, and if you do, Special Summon 1 ""Elemental HERO"" or ""Neo-Spacian"" monster with a different name from your Deck. You can banish this card from your GY; shuffle from your GY into the Deck, either 1 ""Elemental HERO"" monster and 1 ""Neo-Spacian"" monster, OR 1 ""Elemental HERO Neos"", then draw 1 card. You can only use each effect of ""EN Shuffle"" once per turn."
card.12421694.name,闪刀姬-魁奈,Sky Striker Ace - Kaina
card.12421694.types,[怪兽|效果|连接] 机械/地,[Monster|Effect|Link] Machine/EARTH
card.12421694.desc,"地属性以外的「闪刀姬」怪兽1只
自己对「闪刀姬-魁奈」1回合只能有1次特殊召唤。
①：这张卡特殊召唤的场合，以对方场上1只表侧表示怪兽为对象才能发动。那只怪兽直到对方回合结束时不能攻击。
②：只要这张卡在怪兽区域存在，每次自己把「闪刀」魔法卡的效果发动，自己回复100基本分。","1 non-EARTH ""Sky Striker Ace"" monster
If this card is Special Summoned: You can target 1 face-up monster your opponent controls; it cannot attack until the end of your opponent's turn. Each time you activate a ""Sky Striker"" Spell Card, or its effect, gain 100 LP immediately after the card or effect resolves. You can only Special Summon ""Sky Striker Ace - Kaina(s)"" once per turn."
card.14558127.name,灰流丽,Ash Blossom & Joyous Spring
card.14558127.types,[怪兽|效果|调整] 不死/炎,[Monster|Effect|Tuner] Zombie/FIRE
card.14558127.desc,"这个卡名的效果1回合只能使用1次。
①：包含以下其中任意种效果的魔法·陷阱·怪兽的效果发动时，把这张卡从手卡丢弃才能发动。那个效果无效。
●从卡组把卡加入手卡的效果
●从卡组把怪兽特殊召唤的效果
●从卡组把卡送去墓地的效果","When a card or effect is activated that includes any of these effects (Quick Effect): You can discard this card; negate that effect.
● Add a card from the Deck to the hand.
● Special Summon from the Deck.
● Send a card from the Deck to the GY.
You can only use this effect of ""Ash Blossom & Joyous Spring"" once per turn."
card.14558128.name,灰流丽,Ash Blossom & Joyous Spring
card.14558128.types,[怪兽|效果|调整] 不死/炎,[Monster|Effect|Tuner] Zombie/FIRE
card.14558128.desc,"这个卡名的效果1回合只能使用1次。
①：包含以下其中任意种效果的魔法·陷阱·怪兽的效果发动时，把这张卡从手卡丢弃才能发动。那个效果无效。
●从卡组把卡加入手卡的效果
●从卡组把怪兽特殊召唤的效果
●从卡组把卡送去墓地的效果","When a card or effect is activated that includes any of these effects (Quick Effect): You can discard this card; negate that effect.
● Add a card from the Deck to the hand.
● Special Summon from the Deck.
● Send a card from the Deck to the GY.
You can only use this effect of ""Ash Blossom & Joyous Spring"" once per turn."
card.17217034.name,合体术式-交闪零式,Combined Maneuver - Engage Zero!
card.17217034.types,[怪兽|效果|连接] 机械/光,[Monster|Effect|Link] Machine/LIGHT
card.17217034.desc,"光·暗属性怪兽2只
这个卡名在规则上也当作「闪刀姬」卡使用。自己对「合体术式-交闪零式」1回合只能有1次特殊召唤，这张卡不能作为连接素材。
①：这张卡特殊召唤的场合，以场上1只攻击力2500以上的怪兽为对象才能发动。那只怪兽的效果直到回合结束时无效。
②：自己墓地有「闪刀姬-零衣」以及「闪刀姬-露世」存在的场合，这张卡攻击的伤害步骤开始时才能发动。对方场上的怪兽全部破坏。","2 LIGHT and/or DARK monsters
(This card is always treated as a ""Sky Striker Ace"" card.)
You can only Special Summon ""Combined Maneuver - Engage Zero!(s)"" once per turn. Cannot be used as Link Material. If this card is Special Summoned: You can target 1 monster on the field with 2500 or more ATK; negate its effects until the end of this turn. At the start of the Damage Step, if this card attacks, while you have ""Sky Striker Ace - Raye"" and ""Sky Striker Ace - Roze"" in your GY: You can destroy all monsters your opponent controls."
card.17955766.name,新空间侠·水波海豚,Neo-Spacian Aqua Dolphin
card.17955766.types,[怪兽|效果] 战士/水,[Monster|Effect] Warrior/WATER
card.17955766.desc,①：1回合1次，丢弃1张手卡才能发动。把对方手卡确认，选那之内的1只怪兽。持有选的怪兽的攻击力以上的攻击力的怪兽在自己场上存在的场合，选的怪兽破坏，给与对方500伤害。那以外的场合，自己受到500伤害。,"Once per turn: You can discard 1 card; look at your opponent's hand and choose 1 monster. If you control a monster with ATK greater than or equal to the ATK of the chosen card, destroy the chosen card, and if you do, inflict 500 damage to your opponent. Otherwise, take 500 damage."
card.18963306.name,银河眼光波龙,Galaxy-Eyes Cipher Dragon
card.18963306.types,[怪兽|效果|超量] 龙/光,[Monster|Effect|Xyz] Dragon/LIGHT
card.18963306.desc,"8星怪兽×2
①：1回合1次，把这张卡1个超量素材取除，以对方场上1只表侧表示怪兽为对象才能发动。那只怪兽的控制权直到结束阶段得到。这个效果得到控制权的怪兽的效果无效化，攻击力变成3000，卡名当作「银河眼光波龙」使用。这个效果的发动后，直到回合结束时这张卡以外的自己怪兽不能直接攻击。","2 Level 8 monsters
Once per turn: You can detach 1 Xyz Material from this card, then target 1 face-up monster your opponent controls; monsters you control cannot attack your opponent directly for the rest of this turn, except this card, also take control of the targeted monster until the End Phase, but while this effect is applied, it has its effects negated, its ATK becomes 3000, also its name becomes ""Galaxy-Eyes Cipher Dragon""."
card.19222426.name,元素英雄 雷霆巨人-电流雷击,Elemental HERO Thunder Giant - Voltic Thunder
card.19222426.types,[怪兽|效果|融合] 战士/光,[Monster|Effect|Fusion] Warrior/LIGHT
card.19222426.desc,"属性不同的「元素英雄」怪兽×2
这张卡不用融合召唤不能特殊召唤。这个卡名的①②的效果1回合各能使用1次。
①：这张卡特殊召唤的场合，若对方场上的卡数量比自己场上的卡多则能发动。场上的其他卡全部破坏。
②：把用通常怪兽为素材作融合召唤的这张卡解放，以自己墓地1只「元素英雄」怪兽为对象才能发动。那只怪兽特殊召唤。","2 ""Elemental HERO"" monsters with different Attributes
Must be Fusion Summoned. If this card is Special Summoned and your opponent controls more cards than you do: You can destroy all other cards on the field. You can Tribute this card that was Fusion Summoned using a Normal Monster(s) as material, then target 1 ""Elemental HERO"" monster in your GY; Special Summon it. You can only use each effect of ""Elemental HERO Thunder Giant - Voltic Thunder"" once per turn."
card.19324993.name,特异英雄 地狱裂魔,Xtra HERO Infernal Devicer
card.19324993.types,[怪兽|效果|连接] 恶魔/暗,[Monster|Effect|Link] Fiend/DARK
card.19324993.desc,"「英雄」怪兽2只
这个卡名的①的效果1回合只能使用1次。
①：这张卡连接召唤的场合才能发动（这个效果发动的回合，自己不是「英雄」怪兽不能特殊召唤）。额外卡组1只「英雄」融合怪兽给对方观看，那只怪兽有卡名记述的最多2只融合素材怪兽从卡组加入手卡（同名卡最多1张）。
②：这张卡所连接区的恶魔族怪兽的攻击力·守备力上升自身的等级×100。","2 ""HERO"" monsters
If this card is Link Summoned: You can reveal 1 ""HERO"" Fusion Monster in your Extra Deck, and if you do, add up to 2 of the Fusion Materials listed on that card, with different names, from your Deck to your hand. You cannot Special Summon monsters the turn you activate this effect, except ""HERO"" monsters. You can only use this effect of ""Xtra HERO Infernal Devicer"" once per turn. Fiend monsters this card points to gain ATK/DEF equal to its Level x 100."
card.20357457.name,未来之柱-奇亚诺丝,Pillar of the Future - Cyanos
card.20357457.types,[怪兽|效果] 机械/光,[Monster|Effect] Machine/LIGHT
card.20357457.desc,"这个卡名在规则上也当作「闪刀」卡使用。这个卡名的①②③的效果1回合各能使用1次。
①：从手卡丢弃1张魔法卡才能发动。这张卡从手卡特殊召唤。
②：这张卡召唤·特殊召唤的场合才能发动。从自己的卡组·墓地把1只「闪刀姬-露世」特殊召唤。这个回合，自己不是机械族怪兽不能从额外卡组特殊召唤。
③：把墓地的这张卡除外才能发动。选自己的墓地·除外状态的1只「闪刀姬-露世」加入手卡或特殊召唤。","(This card is always treated as a ""Sky Striker"" card.)
You can discard 1 Spell; Special Summon this card from your hand. If this card is Normal or Special Summoned: You can Special Summon 1 ""Sky Striker Ace - Roze"" from your Deck or GY, also you cannot Special Summon from the Extra Deck for the rest of this turn, except Machine monsters. You can banish this card from your GY; take 1 of your ""Sky Striker Ace - Roze"" that is banished or in your GY, and either add it to your hand or Special Summon it. You can only use each effect of ""Pillar of the Future - Cyanos"" once per turn."
card.21143940.name,假面变化,Mask Change
card.21143940.types,[魔法|速攻],[Spell|Quick-Play]
card.21143940.desc,①：以自己场上1只「英雄」怪兽为对象才能发动。把那只怪兽的属性确认，送去墓地。这个效果让那只怪兽从场上离开的场合，再把持有相同属性的1只「假面英雄」怪兽从额外卡组特殊召唤。,"Target 1 ""HERO"" monster you control; send it to the GY, also, after that, if it left the field by this effect, Special Summon 1 ""Masked HERO"" monster from your Extra Deck with the same Attribute that the sent monster had when it was on the field (its original Attribute, if face-down)."
card.22908820.name,元素英雄 日出侠,Elemental HERO Sunrise
card.22908820.types,[怪兽|效果|融合] 战士/光,[Monster|Effect|Fusion] Warrior/LIGHT
card.22908820.desc,"属性不同的「英雄」怪兽×2
这张卡不用融合召唤不能特殊召唤。这个卡名的①③的效果1回合各能使用1次。
①：这张卡特殊召唤的场合才能发动。从卡组把1张「奇迹融合」加入手卡。
②：自己场上的怪兽的攻击力上升自己场上的怪兽的属性种类×200。
③：其他的自己的「英雄」怪兽进行战斗的攻击宣言时，以场上1张卡为对象才能发动。那张卡破坏。","2 ""HERO"" monsters with different Attributes
Must be Fusion Summoned. Monsters you control gain 200 ATK for each different Attribute you control. You can only use each of the following effects of ""Elemental HERO Sunrise"" once per turn.
● If this card is Special Summoned: You can add 1 ""Miracle Fusion"" from your Deck to your hand.
● When an attack is declared involving another ""HERO"" monster you control: You can target 1 card on the field; destroy it."
card.23204029.name,对极英雄 混沌侠,Contrast HERO Chaos
card.23204029.types,[怪兽|效果|融合] 战士/暗,[Monster|Effect|Fusion] Warrior/DARK
card.23204029.desc,"「假面英雄」怪兽×2
这个卡名在规则上也当作「元素英雄」卡使用。这张卡不用融合召唤不能特殊召唤。
①：只要这张卡在怪兽区域存在，这张卡的属性也当作「光」使用。
②：自己·对方回合1次，以场上1张表侧表示卡为对象才能发动。那张卡的效果直到回合结束时无效。","2 ""Masked HERO"" monsters
(This card is always treated as an ""Elemental HERO"" card.)
Must be Fusion Summoned and cannot be Special Summoned by other ways. While face-up on the field, this card is also LIGHT-Attribute. Once per turn, during either player's turn: You can target 1 face-up card on the field; negate that target's effects until the end of this turn."
card.23434538.name,增殖的G,"Maxx ""C"""
card.23434538.types,[怪兽|效果] 昆虫/地,[Monster|Effect] Insect/EARTH
card.23434538.desc,"这个卡名的效果1回合只能使用1次。
①：自己·对方回合，把这张卡从手卡送去墓地才能发动。这个回合中，以下效果适用。
●每次对方把怪兽特殊召唤，自己抽1张。","During either player's turn: You can send this card from your hand to the Graveyard; this turn, each time your opponent Special Summons a monster(s), immediately draw 1 card. You can only use 1 ""Maxx ""C"""" per turn."
card.24010609.name,闪刀机关-多任务战刀机,Sky Striker Mecha Modules - Multirole
card.24010609.types,[魔法|永续],[Spell|Continuous]
card.24010609.desc,"①：1回合1次，以自己场上1张其他卡为对象才能发动。这个回合，对方不能对应自己的魔法卡的发动把魔法·陷阱·怪兽的效果发动。并且，再把作为对象的卡送去墓地。
②：自己·对方的结束阶段才能发动。把最多有这个回合这张卡表侧表示存在期间自己发动的「闪刀」魔法卡数量的「闪刀」魔法卡从自己墓地到自己场上盖放（同名卡最多1张）。这个效果盖放的卡从场上离开的场合除外。","Once per turn: You can target 1 other card you control; send that card to the GY, also your opponent cannot activate cards or effects in response to your Spell Card activations for the rest of this turn (even if this card leaves the field). (You can only gain the previous effect once per turn.) Once per turn, during the End Phase: You can Set ""Sky Striker"" Spells with different names from your GY, up to the number of ""Sky Striker"" Spell Cards you activated this turn while this card was face-up on your field, but banish them when they leave the field."
card.24094653.name,融合,Polymerization
card.24094653.types,[魔法],[Spell]
card.24094653.desc,①：自己的手卡·场上的怪兽作为融合素材，把1只融合怪兽融合召唤。,"Fusion Summon 1 Fusion Monster from your Extra Deck, using monsters from your hand or field as Fusion Material."
card.24224830.name,墓穴的指名者,Called by the Grave
card.24224830.types,[魔法|速攻],[Spell|Quick-Play]
card.24224830.desc,①：以对方墓地1只怪兽为对象才能发动。那只怪兽除外。直到下个回合的结束时，这个效果除外的怪兽以及原本卡名和那只怪兽相同的怪兽的效果无效化。,"Target 1 monster in your opponent's GY; banish it, and if you do, until the end of the next turn, its effects are negated, as well as the activated effects and effects on the field of monsters with the same original name."
card.24299458.name,禁忌的一滴,Forbidden Droplet
card.24299458.types,[魔法|速攻],[Spell|Quick-Play]
card.24299458.desc,"这个卡名的卡在1回合只能发动1张，对方不能对应这张卡的发动把原本种类（怪兽·魔法·陷阱）和为这张卡发动而送去墓地的卡相同的卡的效果发动。
①：从自己的手卡·场上把其他卡任意数量送去墓地才能发动。选那个数量的对方场上的效果怪兽。那些怪兽直到回合结束时攻击力变成一半，效果无效化。","Send any number of other cards from your hand and/or field to the GY; choose that many Effect Monsters your opponent controls, and until the end of this turn, their ATK is halved, also their effects are negated. In response to this card's activation, your opponent cannot activate cards, or the effects of cards, with the same original type (Monster/Spell/Trap) as the cards sent to the GY to activate this card. You can only activate 1 ""Forbidden Droplet"" per turn."
card.25072579.name,试号闪刀姬-天津,Prototype Sky Striker Ace - Amatsu
card.25072579.types,[怪兽|效果|连接] 机械/暗,[Monster|Effect|Link] Machine/DARK
card.25072579.desc,"「闪刀姬」怪兽1只
自己对「试号闪刀姬-天津」1回合只能有1次特殊召唤，那些①②的效果1回合各能使用1次。
①：对方场上的攻击力2000以上的怪兽把效果发动时才能发动。那个效果变成「对方场上1只「闪刀姬」连接怪兽破坏」。
②：这张卡和对方怪兽进行战斗的攻击宣言时，以自己场上1只「闪刀姬」怪兽和对方场上1张卡为对象才能发动。那些卡破坏。","1 ""Sky Striker Ace"" monster
You can only Special Summon ""Prototype Sky Striker Ace - Amatsu(s)"" once per turn. When a monster your opponent controls with 2000 or more ATK activates its effect (Quick Effect): You can make the activated effect become ""Destroy 1 ""Sky Striker Ace"" Link Monster your opponent controls"". When an attack is declared involving this card and an opponent's monster: You can target 1 ""Sky Striker Ace"" monster you control and 1 card your opponent controls; destroy them. You can only use each effect of ""Prototype Sky Striker Ace - Amatsu"" once per turn."
card.25311006.name,三战之才,Triple Tactics Talent
card.25311006.types,[魔法],[Spell]
card.25311006.desc,"这个卡名的卡在1回合只能发动1张。
①：这个回合的自己主要阶段对方是已把怪兽的效果发动的场合，可以从以下效果选择1个发动。
●自己抽2张。
●对方场上1只怪兽的控制权直到结束阶段得到。
●把对方手卡确认，选那之内的1张回到卡组。","If your opponent has activated a monster effect during your Main Phase this turn: Activate 1 of these effects;
● Draw 2 cards.
● Take control of 1 monster your opponent controls until the End Phase.
● Look at your opponent's hand, and choose 1 card from it to shuffle into the Deck.
You can only activate 1 ""Triple Tactics Talent"" per turn."
card.26077389.name,闪刀姬-零衣,Sky Striker Ace - Raye
card.26077389.types,[怪兽|效果] 战士/暗,[Monster|Effect] Warrior/DARK
card.26077389.desc,"这个卡名的①②的效果1回合各能使用1次。
①：自己·对方回合，把这张卡解放才能发动。从额外卡组把1只「闪刀姬」怪兽在额外怪兽区域特殊召唤。
②：这张卡在墓地存在的状态，自己场上的「闪刀姬」连接怪兽因对方的效果从场上离开的场合或者被战斗破坏的场合才能发动。这张卡特殊召唤。","(Quick Effect): You can Tribute this card; Special Summon 1 ""Sky Striker Ace"" monster from your Extra Deck to the Extra Monster Zone. While this card is in your GY, if a face-up ""Sky Striker Ace"" Link Monster you control is destroyed by battle, or leaves the field because of an opponent's card effect: You can Special Summon this card. You can only use each effect of ""Sky Striker Ace - Raye"" once per turn."
card.27780618.name,幻影英雄 仿生人,Vision HERO Vyon
card.27780618.types,[怪兽|效果] 战士/暗,[Monster|Effect] Warrior/DARK
card.27780618.desc,"这个卡名的①的效果1回合只能使用1次。
①：这张卡召唤·特殊召唤的场合才能发动。从卡组把1只「英雄」怪兽送去墓地。
②：1回合1次，从自己墓地把1只「英雄」怪兽除外才能发动。从卡组把1张「融合」加入手卡。","If this card is Normal or Special Summoned: You can send 1 ""HERO"" monster from your Deck to the GY. You can only use this effect of ""Vision HERO Vyon"" once per turn. Once per turn: You can banish 1 ""HERO"" monster from your GY; add 1 ""Polymerization"" from your Deck to your hand."
card.32807848.name,增援,Reinforcement of the Army
card.32807848.types,[魔法],[Spell]
card.32807848.desc,①：从卡组把1只4星以下的战士族怪兽加入手卡。,Add 1 Level 4 or lower Warrior monster from your Deck to your hand.
card.32828466.name,唤醒你沉睡的元素英雄,Wake Up Your Elemental HERO
card.32828466.types,[怪兽|效果|融合] 战士/光,[Monster|Effect|Fusion] Warrior/LIGHT
card.32828466.desc,"「元素英雄」融合怪兽＋战士族怪兽1只以上
这张卡不用融合召唤不能特殊召唤。
①：这张卡的攻击力上升作为这张卡的融合素材的怪兽数量×300，同1次的战斗阶段中可以向怪兽作出最多有那之内的所用融合怪兽数量的攻击。
②：这张卡和怪兽进行战斗的伤害计算后发动。那只怪兽破坏，给与对方那个原本攻击力数值的伤害。
③：融合召唤的这张卡被破坏的场合发动。从手卡·卡组把1只战士族怪兽特殊召唤。","1 ""Elemental HERO"" Fusion Monster + 1+ Warrior monsters
Must be Fusion Summoned. Gains 300 ATK for each material used for its Summon. This card can make a number of attacks on monsters each Battle Phase, up to the number of Fusion Monsters used as material for its Summon. After damage calculation, if this card battled a monster: Destroy that monster, and if you do, inflict damage to your opponent equal to its original ATK. If this Fusion Summoned card is destroyed: Special Summon 1 Warrior monster from your hand or Deck."
card.33698022.name,月华龙 黑蔷薇,Black Rose Moonlight Dragon
card.33698022.types,[怪兽|效果|同调] 龙/光,[Monster|Effect|Synchro] Dragon/LIGHT
card.33698022.desc,"调整＋调整以外的怪兽1只以上
这张卡特殊召唤成功时或者对方场上有5星以上的怪兽特殊召唤时发动。选择对方场上1只特殊召唤的怪兽回到持有者手卡。「月华龙 黑蔷薇」的效果1回合只能使用1次。","1 Tuner + 1 or more non-Tuner monsters
If this card is Special Summoned, or a Level 5 or higher monster(s) is Special Summoned to your opponent's side of the field: Target 1 Special Summoned monster your opponent controls; return that target to the hand. You can only use this effect of ""Black Rose Moonlight Dragon"" once per turn."
card.34433770.name,闪刀亚式-双纽闪门,Sky Striker Special Maneuver - Lemnisgate!
card.34433770.types,[魔法|速攻],[Spell|Quick-Play]
card.34433770.desc,"这个卡名的①②的效果1回合各能使用1次。
①：以自己墓地的「闪刀姬」怪兽和「闪刀」魔法卡各相同数量为对象才能发动。那些卡回到卡组。那之后，可以让回去的卡每3张最多1张的场上的卡回到手卡。
②：这张卡在墓地存在的状态，自己场上有「闪刀」怪兽特殊召唤的场合，把这张卡除外才能发动。进行1只「闪刀姬」连接怪兽的连接召唤。","Target an equal number of ""Sky Striker Ace"" monsters and ""Sky Striker"" Spells in your GY; shuffle them into the Deck, then, for every 3 shuffled cards, you can return up to 1 card on the field to the hand. If a ""Sky Striker"" monster(s) is Special Summoned to your field, while this card is in your GY (except during the Damage Step): You can banish this card; immediately after this effect resolves, Link Summon 1 ""Sky Striker Ace"" Link Monster. You can only use each effect of ""Sky Striker Special Maneuver - Lemnisgate!"" once per turn."
card.35261759.name,强欲而贪欲之壶,Pot of Desires
card.35261759.types,[魔法],[Spell]
card.35261759.desc,"这个卡名的卡在1回合只能发动1张。
①：从自己卡组上面把10张卡里侧表示除外才能发动。自己从卡组抽2张。","Banish 10 cards from the top of your Deck, face-down; draw 2 cards. You can only activate 1 ""Pot of Desires"" per turn."
card.35269904.name,三战之号,Triple Tactics Thrust
card.35269904.types,[魔法],[Spell]
card.35269904.desc,"这个卡名的卡在1回合只能发动1张。
①：这个回合对方是已把怪兽的效果发动的场合才能发动。从卡组把「三战之号」以外的1张通常魔法·通常陷阱卡在自己场上盖放。这个效果盖放的卡在这个回合不能发动。对方场上有怪兽存在的场合，也能不盖放加入手卡。","If your opponent has activated a monster effect during this turn: Set 1 Normal Spell/Trap directly from your Deck, except ""Triple Tactics Thrust"", or if your opponent controls a monster, you can add it to your hand instead. That Set card cannot be activated this turn. You can only activate 1 ""Triple Tactics Thrust"" per turn."
card.37351133.name,闪刀姬-露世,Sky Striker Ace - Roze
card.37351133.types,[怪兽|效果] 战士/光,[Monster|Effect] Warrior/LIGHT
card.37351133.desc,"这个卡名的①②的效果1回合各能使用1次。
①：「闪刀姬-露世」以外的「闪刀姬」怪兽召唤·特殊召唤的场合才能发动。这张卡从手卡特殊召唤。
②：这张卡在墓地存在的状态，额外怪兽区域的对方怪兽被战斗破坏的场合或者因自己的卡的效果从场上离开的场合才能发动。这张卡特殊召唤。那之后，可以把对方场上1只表侧表示怪兽的效果直到回合结束时无效。","If a ""Sky Striker Ace"" monster(s) is Normal or Special Summoned, except ""Sky Striker Ace - Roze"" (except during the Damage Step): You can Special Summon this card from your hand. If an opponent's monster in the Extra Monster Zone is destroyed by battle, or leaves the field because of your card effect, while this card is in your GY: You can Special Summon this card, then you can negate the effects of 1 face-up monster your opponent controls, until the end of this turn. You can only use each effect of ""Sky Striker Ace - Roze"" once per turn."
card.38120068.name,抵价购物,Trade-In
card.38120068.types,[魔法],[Spell]
card.38120068.desc,①：从手卡丢弃1只8星怪兽才能发动。自己抽2张。,Discard 1 Level 8 monster; draw 2 cards.
card.38517737.name,青眼亚白龙,Blue-Eyes Alternative White Dragon
card.38517737.types,[怪兽|效果|特殊召唤] 龙/光,[Monster|Effect|Special Summon] Dragon/LIGHT
card.38517737.desc,"这张卡不能通常召唤。把手卡1只「青眼白龙」给对方观看的场合可以特殊召唤。这个方法的「青眼亚白龙」的特殊召唤1回合只能有1次。
①：这张卡的卡名只要在场上·墓地存在当作「青眼白龙」使用。
②：1回合1次，以对方场上1只怪兽为对象才能发动（这个效果发动的回合，这张卡不能攻击）。那只怪兽破坏。","Cannot be Normal Summoned/Set. Must first be Special Summoned (from your hand) by revealing ""Blue-Eyes White Dragon"" in your hand. You can only Special Summon ""Blue-Eyes Alternative White Dragon"" once per turn this way. This card's name becomes ""Blue-Eyes White Dragon"" while it is on the field or in the Graveyard. Once per turn: You can target 1 monster your opponent controls; destroy it. This card cannot attack the turn this effect is activated."
card.39030163.name,银河眼重铠光子龙,Galaxy-Eyes Full Armor Photon Dragon
card.39030163.types,[怪兽|效果|超量] 龙/光,[Monster|Effect|Xyz] Dragon/LIGHT
card.39030163.desc,"8星怪兽×3
这张卡也能在「银河眼重铠光子龙」以外的自己场上的「银河眼」超量怪兽上面重叠来超量召唤。
①：1回合1次，以这张卡最多2张装备卡为对象才能发动。那些卡在这张卡下面重叠作为超量素材。
②：1回合1次，把这张卡1个超量素材取除，以对方场上1张表侧表示的卡为对象才能发动。那张卡破坏。","3 Level 8 monsters
You can also Xyz Summon this card by using a ""Galaxy-Eyes"" Xyz Monster you control as material, except ""Galaxy-Eyes Full Armor Photon Dragon"". (Transfer its materials to this card.) Once per turn: You can target up to 2 Equip Cards equipped to this card; attach them to this card as material. Once per turn: You can detach 1 material from this card, then target 1 face-up card your opponent controls; destroy it."
card.39701395.name,调和的宝札,Cards of Consonance
card.39701395.types,[魔法],[Spell]
card.39701395.desc,①：从手卡丢弃1只攻击力1000以下的龙族调整才能发动。自己从卡组抽2张。,Discard 1 Dragon Tuner with 1000 or less ATK; draw 2 cards.
card.40044918.name,元素英雄 天空侠,Elemental HERO Stratos
card.40044918.types,[怪兽|效果] 战士/风,[Monster|Effect] Warrior/WIND
card.40044918.desc,"①：这张卡召唤·特殊召唤时，可以从以下效果选择1个发动。
●把最多有自己场上的其他的「英雄」怪兽数量的场上的魔法·陷阱卡破坏。
●从卡组把1只「英雄」怪兽加入手卡。","When this card is Normal or Special Summoned: You can activate 1 of these effects.
● Destroy Spells/Traps on the field, up to the number of ""HERO"" monsters you control, except this card.
● Add 1 ""HERO"" monster from your Deck to your hand."
card.40908371.name,苍眼银龙,Azure-Eyes Silver Dragon
card.40908371.types,[怪兽|效果|同调] 龙/光,[Monster|Effect|Synchro] Dragon/LIGHT
card.40908371.desc,"调整＋调整以外的通常怪兽1只以上
①：这张卡特殊召唤的场合发动。自己场上的全部龙族怪兽直到下个回合的结束时不会被效果破坏，双方直到下个回合的结束时不能把那些作为效果的对象。
②：自己准备阶段，以自己墓地1只通常怪兽为对象才能发动。那只怪兽特殊召唤。","1 Tuner + 1+ non-Tuner Normal Monsters
If this card is Special Summoned: Until the end of the next turn, neither player can target Dragon monsters you currently control with card effects, also they cannot be destroyed by card effects. Once per turn, during your Standby Phase: You can target 1 Normal Monster in your GY; Special Summon it."
card.41620959.name,龙之灵庙,Dragon Shrine
card.41620959.types,[魔法],[Spell]
card.41620959.desc,"这个卡名的卡在1回合只能发动1张。
①：从卡组把1只龙族怪兽送去墓地。这个效果送去墓地的怪兽是龙族通常怪兽的场合，可以再从卡组把1只龙族怪兽送去墓地。","Send 1 Dragon monster from your Deck to the GY, then, if that monster in your GY is a Dragon Normal Monster, you can send 1 more Dragon monster from your Deck to the GY. You can only activate 1 ""Dragon Shrine"" per turn."
card.42141493.name,欢聚友伴·茸茸长尾山雀,Mulcharmy Fuwalos
card.42141493.types,[怪兽|效果] 鸟兽/风,[Monster|Effect] Winged Beast/WIND
card.42141493.desc,"这张卡的效果发动的回合，自己只能有1次把这张卡以外的「欢聚友伴」怪兽的效果发动。
①：自己·对方回合，自己场上没有卡存在的场合，把这张卡从手卡丢弃才能发动。这个回合中，以下效果适用。
●每次对方从卡组·额外卡组把怪兽特殊召唤，自己抽1张。
●结束阶段，自己手卡比对方场上的卡数量＋6张要多的场合，那个相差数量的自己手卡随机回到卡组。","If you control no cards (Quick Effect): You can discard this card; apply these effects this turn.
● Each time your opponent Special Summons a monster(s) from the Deck and/or Extra Deck, immediately draw 1 card.
● Once, during this End Phase, if the number of cards in your hand is more than the number of cards your opponent controls +6, you must randomly shuffle cards from your hand into the Deck so the number in your hand equals the number your opponent controls +6.
You can only activate 1 other ""Mulcharmy"" monster effect, the turn you activate this effect."
card.45467446.name,白色灵龙,Dragon Spirit of White
card.45467446.types,[怪兽|效果] 龙/光,[Monster|Effect] Dragon/LIGHT
card.45467446.desc,"这个卡名在规则上也当作「青眼」卡使用。
①：这张卡只要在手卡·墓地存在，当作通常怪兽使用。
②：这张卡召唤·特殊召唤时，以对方场上1张魔法·陷阱卡为对象才能发动。那张卡除外。
③：自己·对方回合，对方场上有怪兽存在的场合，把这张卡解放才能发动。从手卡把1只「青眼白龙」特殊召唤。","(This card is always treated as a ""Blue-Eyes"" card.)
This card is treated as a Normal Monster while in the hand or GY. When this card is Normal or Special Summoned: You can target 1 Spell/Trap your opponent controls; banish it. If your opponent controls a monster (Quick Effect): You can Tribute this card; Special Summon 1 ""Blue-Eyes White Dragon"" from your hand."
card.45906428.name,奇迹融合,Miracle Fusion
card.45906428.types,[魔法],[Spell]
card.45906428.desc,①：自己的场上·墓地的怪兽作为融合素材除外，把1只「元素英雄」融合怪兽融合召唤。,"Fusion Summon 1 ""Elemental HERO"" Fusion Monster from your Extra Deck, by banishing Fusion Materials listed on it from your field or your GY."
card.48800175.name,龙觉醒旋律,The Melody of Awakening Dragon
card.48800175.types,[魔法],[Spell]
card.48800175.desc,①：丢弃1张手卡才能发动。把最多2只攻击力3000以上而守备力2500以下的龙族怪兽从卡组加入手卡。,Discard 1 card; add up to 2 Dragon monsters with 3000 or more ATK and 2500 or less DEF from your Deck to your hand.
card.49299410.name,嗤笑的黑山羊,The Black Goat Laughs
card.49299410.types,[陷阱],[Trap]
card.49299410.desc,"这个卡名的①②的效果1回合只能有1次使用其中任意1个。
①：宣言1个怪兽卡名才能发动。这个回合，双方不能把原本卡名和宣言的怪兽相同的怪兽从墓地以外特殊召唤。
②：把墓地的这张卡除外，宣言1个怪兽卡名才能发动。这个回合，双方不能把原本卡名和宣言的怪兽相同的怪兽的场上发动的效果发动。","Declare 1 Monster Card name; this turn, neither player can Special Summon monsters with that original name, except from the GY. You can banish this card from the GY, then declare 1 Monster Card name; this turn, neither player can activate the effects of monsters on the field with that original name. You can only use 1 ""The Black Goat Laughs"" effect per turn, and only once that turn."
card.50005218.name,闪刀空域-零区,Sky Striker Airspace - Area Zero
card.50005218.types,[魔法|场地],[Spell|Field]
card.50005218.desc,"这个卡名的①②的效果1回合各能使用1次。
①：以自己场上1张其他卡为对象才能发动。从自己卡组上面把3张卡翻开。可以从那之中选1张「闪刀」卡加入手卡。剩余回到卡组。「闪刀」卡被翻开的场合，再把作为对象的卡送去墓地。
②：这张卡被效果从场地区域送去墓地的场合才能发动。从卡组把1只「闪刀姬」怪兽特殊召唤。","You can target 1 other card you control; excavate the top 3 cards of your Deck, and if you do, you can add 1 excavated ""Sky Striker"" card to your hand, also shuffle the rest into the Deck, then, if you excavated a ""Sky Striker"" card, send the targeted card to the GY. If this card in the Field Zone is sent to the GY by a card effect: You can Special Summon 1 ""Sky Striker Ace"" monster from your Deck. You can only use each effect of ""Sky Striker Airspace - Area Zero"" once per turn."
card.50720316.name,元素英雄 影雾女郎,Elemental HERO Shadow Mist
card.50720316.types,[怪兽|效果] 战士/暗,[Monster|Effect] Warrior/DARK
card.50720316.desc,"这个卡名的①②的效果1回合只能有1次使用其中任意1个。
①：这张卡特殊召唤的场合才能发动。从卡组把1张「变化」速攻魔法卡加入手卡。
②：这张卡被送去墓地的场合才能发动。从卡组把「元素英雄 影雾女郎」以外的1只「英雄」怪兽加入手卡。","If this card is Special Summoned: You can add 1 ""Change"" Quick-Play Spell Card from your Deck to your hand. If this card is sent to the GY: You can add 1 ""HERO"" monster from your Deck to your hand, except ""Elemental HERO Shadow Mist"". You can only use 1 ""Elemental HERO Shadow Mist"" effect per turn, and only once that turn."
card.50954680.name,水晶翼同调龙,Crystal Wing Synchro Dragon
card.50954680.types,[怪兽|效果|同调] 龙/风,[Monster|Effect|Synchro] Dragon/WIND
card.50954680.desc,"调整＋调整以外的同调怪兽1只以上
①：1回合1次，这张卡以外的怪兽的效果发动时才能发动。那个发动无效并破坏。这个效果破坏怪兽的场合，这张卡的攻击力直到回合结束时上升这个效果破坏的怪兽的原本攻击力数值。
②：这张卡和5星以上的对方怪兽进行战斗的伤害计算时发动。这张卡的攻击力只在那次伤害计算时上升进行战斗的对方怪兽的攻击力数值。","1 Tuner + 1+ non-Tuner Synchro Monsters
Once per turn, when another monster's effect is activated (Quick Effect): You can negate the activation, and if you do, destroy that monster, and if you do that, this card gains ATK equal to the destroyed monster's original ATK until the end of this turn. If this card battles an opponent's Level 5 or higher monster, during damage calculation: This card gains ATK equal to the current ATK of the opponent's monster it is battling during that damage calculation only."
card.55063751.name,海龟坏兽 加美西耶勒,"Gameciel, the Sea Turtle Kaiju"
card.55063751.types,[怪兽|效果] 水/水,[Monster|Effect] 水/WATER
card.55063751.desc,"①：这张卡可以把对方场上1只怪兽解放，从手卡往对方场上攻击表示特殊召唤。
②：对方场上有「坏兽」怪兽存在的场合，这张卡可以从手卡攻击表示特殊召唤。
③：「坏兽」怪兽在自己场上只能有1只表侧表示存在。
④：对方把「海龟坏兽 加美西耶勒」以外的魔法·陷阱·怪兽的效果发动时，把自己·对方场上2个坏兽指示物取除才能发动。那个发动无效并除外。","You can Special Summon this card (from your hand) to your opponent's field in Attack Position, by Tributing 1 monster they control. If your opponent controls a ""Kaiju"" monster, you can Special Summon this card (from your hand) in Attack Position. You can only control 1 ""Kaiju"" monster. When your opponent activates a card or effect, except ""Gameciel, the Sea Turtle Kaiju"" (Quick Effect): You can remove 2 Kaiju Counters from anywhere on the field; negate the activation, and if you do, banish that card."
card.55171412.name,元素英雄 水波新宇侠,Elemental HERO Aqua Neos
card.55171412.types,[怪兽|效果|融合] 战士/水,[Monster|Effect|Fusion] Warrior/WATER
card.55171412.desc,"「元素英雄 新宇侠」＋「新空间侠·水波海豚」
让自己场上的上记的卡回到卡组·额外卡组的场合才能从额外卡组特殊召唤。
①：1回合1次，丢弃1张手卡才能发动。对方手卡随机1张破坏。
②：自己·对方的结束阶段发动。这张卡回到额外卡组。","""Elemental HERO Neos"" + ""Neo-Spacian Aqua Dolphin""
Must first be Special Summoned (from your Extra Deck) by shuffling the above cards you control into the Deck. (You do not use ""Polymerization"".) Once per turn: You can discard 1 card; destroy 1 random card in your opponent's hand. During the End Phase: Shuffle this card into the Extra Deck."
card.56733747.name,元素英雄 闪光新宇翼侠,Elemental HERO Shining Neos Wingman
card.56733747.types,[怪兽|效果|融合] 战士/光,[Monster|Effect|Fusion] Warrior/LIGHT
card.56733747.desc,"「元素英雄 新宇侠」＋「翼侠」融合怪兽
这张卡不用融合召唤不能特殊召唤。这个卡名的①的效果1回合只能使用1次。
①：这张卡特殊召唤的场合才能发动。把最多有场上的怪兽的属性种类数量的对方场上的卡破坏。
②：场上的这张卡攻击力上升自己墓地的怪兽数量×300，不会被效果破坏。
③：这张卡战斗破坏怪兽的场合发动。给与对方那只怪兽的原本攻击力数值的伤害。","""Elemental HERO Neos"" + 1 ""Wingman"" Fusion Monster
Must be Fusion Summoned. Gains 300 ATK for each monster in your GY, also cannot be destroyed by card effects. If this card is Special Summoned: You can destroy cards your opponent controls up to the number of different Attributes among the monsters on the field. You can only use this effect of ""Elemental HERO Shining Neos Wingman"" once per turn. If this card destroys a monster by battle: Inflict damage to your opponent equal to that monster's original ATK."
card.56741506.name,闪刀姬-阿泽莉娅·节制,Sky Striker Ace - Azalea Temperance
card.56741506.types,[怪兽|效果|连接] 机械/暗,[Monster|Effect|Link] Machine/DARK
card.56741506.desc,"包含连接怪兽的怪兽2只以上
这张卡不用连接召唤不能从额外卡组特殊召唤。这个卡名的①的效果1回合只能使用1次。
①：这张卡特殊召唤的场合，从自己的手卡·墓地把1张魔法卡除外，以对方场上1只攻击力2500以下的怪兽为对象才能发动。那只表侧表示怪兽当作装备魔法卡使用给这张卡装备。
②：这张卡被战斗破坏时才能发动。从自己的手卡·墓地把这张卡以外的1只「闪刀」怪兽特殊召唤。","2+ monsters, including a Link Monster
Must first be Link Summoned. If this card is Special Summoned: You can banish 1 Spell from your hand or GY, then target 1 monster your opponent controls with 2500 or less ATK; equip that face-up monster to this card as an Equip Spell. You can only use this effect of ""Sky Striker Ace - Azalea Temperance"" once per turn. When this card is destroyed by battle: You can Special Summon 1 other ""Sky Striker"" monster from your hand or GY."
card.58004362.name,特异英雄 十字人,Xtra HERO Cross Crusader
card.58004362.types,[怪兽|效果|连接] 战士/暗,[Monster|Effect|Link] Warrior/DARK
card.58004362.desc,"战士族怪兽2只
这个卡名的①②的效果1回合各能使用1次，这张卡的效果发动的回合，自己不是「英雄」怪兽不能特殊召唤。
①：这张卡连接召唤的场合，以自己墓地1只「命运英雄」怪兽为对象才能发动。那只怪兽特殊召唤。
②：把自己场上1只「命运英雄」怪兽解放才能发动。和解放的怪兽卡名不同的1只「英雄」怪兽从卡组加入手卡。","2 Warrior monsters
If this card is Link Summoned: You can target 1 ""Destiny HERO"" monster in your GY; Special Summon it. You can Tribute 1 ""Destiny HERO"" monster; add 1 ""HERO"" monster with a different name from your Deck to your hand. You can only use each effect of ""Xtra HERO Cross Crusader"" once per turn, also you cannot Special Summon monsters the turn you activate either of this card's effects, except ""HERO"" monsters."
card.58481572.name,假面英雄 暗爪,Masked HERO Dark Law
card.58481572.types,[怪兽|效果|融合] 战士/暗,[Monster|Effect|Fusion] Warrior/DARK
card.58481572.desc,"这张卡用「假面变化」的效果才能特殊召唤。
①：只要这张卡在怪兽区域存在，被送去对方墓地的卡不去墓地而除外。
②：1回合1次，对方在抽卡阶段以外从卡组把卡加入手卡的场合才能发动。对方手卡随机1张除外。","Must be Special Summoned by ""Mask Change"". Any card sent to your opponent's GY is banished instead. Once per turn, if your opponent adds a card(s) from their Deck to their hand (except during the Draw Phase or the Damage Step): You can banish 1 random card from your opponent's hand."
card.59822133.name,青眼精灵龙,Blue-Eyes Spirit Dragon
card.59822133.types,[怪兽|效果|同调] 龙/光,[Monster|Effect|Synchro] Dragon/LIGHT
card.59822133.desc,"调整＋调整以外的「青眼」怪兽1只以上
①：只要这张卡在怪兽区域存在，双方不能把2只以上的怪兽同时特殊召唤。
②：1回合1次，墓地的卡的效果发动时才能发动。那个发动无效。
③：自己·对方回合，把同调召唤的这张卡解放才能发动。从额外卡组把「青眼精灵龙」以外的1只龙族·光属性同调怪兽守备表示特殊召唤。这个效果特殊召唤的怪兽在这个回合的结束阶段破坏。","1 Tuner + 1 or more non-Tuner ""Blue-Eyes"" monsters
Neither player can Special Summon 2 or more monsters at the same time. Once per turn, during either player's turn, when an effect of a card in the Graveyard is activated: You can negate the activation. During either player's turn: You can Tribute this Synchro Summoned card; Special Summon 1 LIGHT Dragon-Type Synchro Monster from your Extra Deck in Defense Position, except ""Blue-Eyes Spirit Dragon"", but destroy it during the End Phase of this turn."
card.60461804.name,命运英雄 毁灭凤凰人,Destiny HERO - Destroyer Phoenix Enforcer
card.60461804.types,[怪兽|效果|融合] 战士/暗,[Monster|Effect|Fusion] Warrior/DARK
card.60461804.desc,"6星以上的「英雄」怪兽＋「命运英雄」怪兽
这个卡名的②③的效果1回合各能使用1次。
①：对方场上的怪兽的攻击力下降自己墓地的「英雄」卡数量×200。
②：自己·对方回合可以发动。自己场上1张卡和场上1张卡破坏。
③：这张卡被战斗·效果破坏的场合才能发动。下个回合的准备阶段，从自己墓地把1只「命运英雄」怪兽特殊召唤。","1 Level 6 or higher ""HERO"" monster + 1 ""Destiny HERO"" monster
Monsters your opponent controls lose 200 ATK for each ""HERO"" card in your GY. You can only use each of the following effects of ""Destiny HERO - Destroyer Phoenix Enforcer"" once per turn. (Quick Effect): You can destroy both 1 card you control and 1 card on the field. If this card is destroyed by battle or card effect: You can activate this effect; Special Summon 1 ""Destiny HERO"" monster from your GY during the Standby Phase of the next turn."
card.63013339.name,闪刀姬-卡米丽娅,Sky Striker Ace - Camellia
card.63013339.types,[怪兽|效果|连接] 机械/暗,[Monster|Effect|Link] Machine/DARK
card.63013339.desc,"效果怪兽2只
这张卡不用连接召唤不能从额外卡组特殊召唤，自己对「闪刀姬-卡米丽娅」1回合只能有1次特殊召唤。
①：1回合1次，自己墓地的魔法卡是3张以下的场合才能发动。从卡组把1张「闪刀」卡送去墓地。
②：这张卡被送去墓地的场合，以对方场上1只怪兽为对象才能发动。这张卡在对方场上特殊召唤，作为对象的怪兽送去墓地。这张卡的控制权在这个回合的结束阶段回归原本持有者。","2 Effect Monsters
Must first be Link Summoned. You can only Special Summon ""Sky Striker Ace - Camellia(s)"" once per turn. Once per turn, if you have 3 or less Spells in your GY: You can send 1 ""Sky Striker"" card from your Deck to the GY. If this card is sent to the GY: You can target 1 monster your opponent controls; Special Summon this card to your opponent's field (but shift control to its owner during the End Phase of this turn), and if you do, send that targeted monster to the GY."
card.63060238.name,元素英雄 烈焰侠,Elemental HERO Blazeman
card.63060238.types,[怪兽|效果] 战士/炎,[Monster|Effect] Warrior/FIRE
card.63060238.desc,"这个卡名的①②的效果1回合只能有1次使用其中任意1个。
①：这张卡召唤·特殊召唤成功的场合才能发动。从卡组把1张「融合」加入手卡。
②：自己主要阶段才能发动。从卡组把「元素英雄 烈焰侠」以外的1只「元素英雄」怪兽送去墓地。这张卡直到回合结束时变成和这个效果送去墓地的怪兽相同属性·攻击力·守备力。这个效果的发动后，直到回合结束时自己不是融合怪兽不能特殊召唤。","If this card is Normal or Special Summoned: You can add 1 ""Polymerization"" from your Deck to your hand. During your Main Phase: You can activate this effect; you cannot Special Summon monsters for the rest of this turn, except Fusion Monsters, also send 1 ""Elemental HERO"" monster from your Deck to the GY, except ""Elemental HERO Blazeman"", and if you do, this card's Attribute and ATK/DEF become the same as the monster sent to the GY, until the end of this turn. You can only use 1 ""Elemental HERO Blazeman"" effect per turn, and only once that turn."
card.63166096.name,闪刀起动-交闪,Sky Striker Mobilize - Engage!
card.63166096.types,[魔法],[Spell]
card.63166096.desc,①：自己的主要怪兽区域没有怪兽存在的场合才能发动。从卡组把「闪刀起动-交闪」以外的1张「闪刀」卡加入手卡。那之后，自己墓地有魔法卡3张以上存在的场合，自己可以抽1张。,"If you control no monsters in your Main Monster Zone: Add 1 ""Sky Striker"" card from your Deck to your hand, except ""Sky Striker Mobilize - Engage!"", then, if you have 3 or more Spells in your GY, you can draw 1 card."
card.63288574.name,闪刀姬-燎里,Sky Striker Ace - Kagari
card.63288574.types,[怪兽|效果|连接] 机械/炎,[Monster|Effect|Link] Machine/FIRE
card.63288574.desc,"炎属性以外的「闪刀姬」怪兽1只
自己对「闪刀姬-燎里」1回合只能有1次特殊召唤。
①：这张卡特殊召唤的场合，以自己墓地1张「闪刀」魔法卡为对象才能发动。那张卡加入手卡。
②：这张卡的攻击力上升自己墓地的魔法卡数量×100。","1 non-FIRE ""Sky Striker Ace"" monster
If this card is Special Summoned: You can target 1 ""Sky Striker"" Spell in your GY; add it to your hand. Gains 100 ATK for each Spell in your GY. You can only Special Summon ""Sky Striker Ace - Kagari(s)"" once per turn."
card.63356631.name,凤翼的爆风,Phoenix Wing Wind Blast
card.63356631.types,[陷阱],[Trap]
card.63356631.desc,①：丢弃1张手卡，以对方场上1张卡为对象才能发动。那张对方的卡回到持有者卡组最上面。,"Discard 1 card, then target 1 card your opponent controls; place that target on the top of the Deck."
card.63767246.name,No.38 希望魁龙 银河巨神,Number 38: Hope Harbinger Dragon Titanic Galaxy
card.63767246.types,[怪兽|效果|超量] 龙/光,[Monster|Effect|Xyz] Dragon/LIGHT
card.63767246.desc,"8星怪兽×2
①：1回合1次，魔法卡的效果在场上发动时才能发动。那个效果无效，场上的那张卡作为这张卡的超量素材。
②：对方的攻击宣言时，把这张卡1个超量素材取除才能发动。攻击对象转移为这张卡进行伤害计算。
③：自己场上的其他的表侧表示的超量怪兽被战斗·效果破坏的场合，以自己场上1只超量怪兽为对象才能发动。那只怪兽的攻击力上升那些破坏的怪兽之内1只的原本攻击力数值。","2 Level 8 monsters
Once per turn, when a Spell Card or effect is activated on the field (Quick Effect): You can negate that effect, and if you do, attach that card to this card as material. When an opponent's monster declares an attack: You can detach 1 material from this card; change the attack target to this card and perform damage calculation. If a face-up Xyz Monster(s) you control is destroyed by battle or card effect: You can target 1 face-up Xyz Monster you control; it gains ATK equal to 1 of those destroyed monster's original ATK."
card.64332231.name,圣刻神龙-九神龙,Hieratic Sun Dragon Overlord of Heliopolis
card.64332231.types,[怪兽|效果|超量] 龙/光,[Monster|Effect|Xyz] Dragon/LIGHT
card.64332231.desc,"8星怪兽×2
①：1回合1次，把这张卡1个超量素材取除才能发动。自己的手卡·场上的怪兽任意数量解放，选那个数量的场上的卡破坏。","2 Level 8 monsters
Once per turn: You can detach 1 Xyz Material from this card; Tribute any number of monsters from your hand and/or your side of the field (minimum 1), then destroy an equal number of cards on the field."
card.65681983.name,抹杀之指名者,Crossout Designator
card.65681983.types,[魔法|速攻],[Spell|Quick-Play]
card.65681983.desc,"这个卡名的卡在1回合只能发动1张。
①：宣言1个卡名才能发动。宣言的1张卡从卡组除外。这个回合中，这个效果除外的卡以及原本卡名和那张卡相同的卡的效果无效化。","Declare 1 card name; banish 1 of that declared card from your Main Deck, and if you do, negate its effects, as well as the activated effects and effects on the field of cards with the same original name, until the end of this turn. You can only activate 1 ""Crossout Designator"" per turn."
card.66011101.name,No.60 刻不知之杜加雷斯,Number 60: Dugares the Timeless
card.66011101.types,[怪兽|效果|超量] 恶魔/炎,[Monster|Effect|Xyz] Fiend/FIRE
card.66011101.desc,"4星怪兽×2
这个卡名的效果1回合只能使用1次。
①：可以把这张卡2个超量素材取除，从以下效果选择1个发动。
●自己抽2张。那之后，选自己1张手卡丢弃。下次的自己抽卡阶段跳过。
●从自己墓地把1只怪兽守备表示特殊召唤。下次的自己主要阶段1跳过。
●自己场上1只怪兽的攻击力直到回合结束时变成2倍。下次的自己回合的战斗阶段跳过。","2 Level 4 monsters
You can detach 2 materials from this card, then activate 1 of the following effects;
● Skip your next Draw Phase, also draw 2 cards, then discard 1 card.
● Skip your next Main Phase 1, also Special Summon 1 monster from your GY in Defense Position.
● Skip the Battle Phase of your next turn, also double the ATK of 1 monster you control until the end of this turn.
You can only use this effect of ""Number 60: Dugares the Timeless"" once per turn."
card.70368879.name,成金哥布林,Upstart Goblin
card.70368879.types,[魔法],[Spell]
card.70368879.desc,①：自己抽1张。那之后，对方回复1000基本分。,"Draw 1 card, then your opponent gains 1000 LP."
card.71039903.name,太古的白石,The White Stone of Ancients
card.71039903.types,[怪兽|效果|调整] 龙/光,[Monster|Effect|Tuner] Dragon/LIGHT
card.71039903.desc,"这个卡名的②的效果1回合只能使用1次。
①：这张卡被送去墓地的回合的结束阶段才能发动。从卡组把1只「青眼」怪兽特殊召唤。
②：把墓地的这张卡除外，以自己墓地1只「青眼」怪兽为对象才能发动。那只怪兽加入手卡。","Once per turn, during the End Phase, if this card is in the GY because it was sent there this turn: You can Special Summon 1 ""Blue-Eyes"" monster from your Deck. You can banish this card from your GY, then target 1 ""Blue-Eyes"" monster in your GY; add it to your hand. You can only use this effect of ""The White Stone of Ancients"" once per turn."
card.71587526.name,因果切断,Karma Cut
card.71587526.types,[陷阱],[Trap]
card.71587526.desc,①：丢弃1张手卡，以对方场上1只表侧表示怪兽为对象才能发动。那只对方的表侧表示怪兽除外。这个效果除外的卡的同名卡在对方墓地存在的场合，再把那些同名卡全部除外。,"Discard 1 card, then target 1 face-up monster your opponent controls; banish that target, then banish all cards with the same name as that monster from your opponent's Graveyard."
card.73628505.name,星球改造,Terraforming
card.73628505.types,[魔法],[Spell]
card.73628505.desc,①：从卡组把1张场地魔法卡加入手卡。,Add 1 Field Spell from your Deck to your hand.
card.73642296.name,屋敷童,Ghost Belle & Haunted Mansion
card.73642296.types,[怪兽|效果|调整] 不死/地,[Monster|Effect|Tuner] Zombie/EARTH
card.73642296.desc,"这个卡名的效果1回合只能使用1次。
①：包含以下其中任意种效果的魔法·陷阱·怪兽的效果发动时，把这张卡从手卡丢弃才能发动。那个发动无效。
●从墓地把卡加入手卡·卡组·额外卡组的效果
●从墓地把怪兽特殊召唤的效果
●从墓地把卡除外的效果","When a card or effect is activated that includes any of these effects (Quick Effect): You can discard this card; negate that activation.
● Add a card(s) from the GY to the hand, Deck, and/or Extra Deck.
● Special Summon a Monster Card(s) from the GY.
● Banish a card(s) from the GY.
You can only use this effect of ""Ghost Belle & Haunted Mansion"" once per turn."
card.75047173.name,至爱接触,Favorite Contact
card.75047173.types,[陷阱],[Trap]
card.75047173.desc,"这个卡名的卡在1回合只能发动1张。
①：从自己的手卡·场上·墓地·除外状态让融合怪兽决定的融合素材怪兽用喜欢的顺序回到卡组下面，把以「英雄」怪兽为融合素材的那1只融合怪兽从额外卡组无视召唤条件特殊召唤。这个效果让「元素英雄 新宇侠」回到卡组的场合，双方不能让这个效果特殊召唤的怪兽回到额外卡组。","Special Summon 1 Fusion Monster from your Extra Deck that mentions a ""HERO"" monster as material, ignoring its Summoning conditions, by placing the Fusion Materials mentioned on it on the bottom of the Deck in any order, from among cards in your hand, field, GY, and/or your banished cards. If you placed ""Elemental HERO Neos"" into the Deck, neither player can return the monster Special Summoned by this effect to the Extra Deck. You can only activate 1 ""Favorite Contact"" per turn."
card.75147529.name,闪刀姬-泽克,Sky Striker Ace - Zeke
card.75147529.types,[怪兽|效果|连接] 机械/暗,[Monster|Effect|Link] Machine/DARK
card.75147529.desc,"包含「闪刀姬」怪兽的怪兽2只
这张卡不用连接召唤不能特殊召唤，自己对「闪刀姬-泽克」1回合只能有1次特殊召唤。
①：这张卡连接召唤的场合，以场上1只表侧表示怪兽为对象才能发动。那只怪兽直到下次的对方结束阶段除外。
②：1回合1次，以自己场上1张其他卡为对象才能发动。这张卡的攻击力上升1000。那之后，作为对象的卡送去墓地。","2 monsters, including a ""Sky Striker Ace"" monster
Must be Link Summoned. You can only Special Summon ""Sky Striker Ace - Zeke(s)"" once per turn. If this card is Link Summoned: You can target 1 face-up monster on the field; banish it until your opponent's next End Phase. Once per turn: You can target 1 other card you control; this card gains 1000 ATK, then, send the targeted card to the GY."
card.76072561.name,闪刀姬=零露,Sky Striker Ace = Zero
card.76072561.types,[怪兽|效果|连接] 机械/光,[Monster|Effect|Link] Machine/LIGHT
card.76072561.desc,"「闪刀姬」怪兽2只
自己对「闪刀姬=零露」1回合只能有1次特殊召唤，这张卡不能作为连接素材。这个卡名的①②的效果1回合只能有1次使用其中任意1个。
①：这张卡特殊召唤的场合才能发动。从自己的卡组·墓地把1张「闪刀」魔法卡加入手卡。
②：自己·对方回合，把这张卡解放才能发动。「闪刀姬-零衣」「闪刀姬-露世」各1只从自己的卡组·墓地特殊召唤。那之后，可以把场上1张卡破坏。","2 ""Sky Striker Ace"" monsters
You can only Special Summon ""Sky Striker Ace = Zero(s)"" once per turn. Cannot be used as Link Material. If this card is Special Summoned: You can add 1 ""Sky Striker"" Spell from your Deck or GY to your hand. (Quick Effect): You can Tribute this card; Special Summon 1 ""Sky Striker Ace - Raye"" and 1 ""Sky Striker Ace - Roze"" from your Deck and/or GY, then you can destroy 1 card on the field. You can only use 1 ""Sky Striker Ace = Zero"" effect per turn, and only once that turn."
card.79814787.name,传说的白石,The White Stone of Legend
card.79814787.types,[怪兽|效果|调整] 龙/光,[Monster|Effect|Tuner] Dragon/LIGHT
card.79814787.desc,①：这张卡被送去墓地的场合发动。从卡组把1只「青眼白龙」加入手卡。,"If this card is sent to the GY: Add 1 ""Blue-Eyes White Dragon"" from your Deck to your hand."
card.81439173.name,愚蠢的埋葬,Foolish Burial
card.81439173.types,[魔法],[Spell]
card.81439173.desc,①：从卡组把1只怪兽送去墓地。,Send 1 monster from your Deck to the GY.
card.83838727.name,抽卡面包,Sandwich Day
card.83838727.types,[魔法],[Spell]
card.83838727.desc,"这个卡名的卡在1回合只能发动1张。
①：自己墓地有怪兽存在的场合，支付200基本分才能发动。自己抽1张，给双方确认。那是怪兽的场合，再让那个属性的以下效果适用。
●不在自己墓地存在的属性：自己抽1张。
●自己墓地存在的属性：选自己1张手卡丢弃。","If you have a monster in your GY: Pay 200 LP; draw 1 card and reveal it, then, if it is a monster, apply this effect based on its Attribute.
● An Attribute not in your GY: Draw 1 card.
● An Attribute in your GY: Discard 1 card.
You can only activate 1 ""Sandwich Day"" per turn."
card.83994433.name,闪珖龙 星尘,Stardust Spark Dragon
card.83994433.types,[怪兽|效果|同调] 龙/光,[Monster|Effect|Synchro] Dragon/LIGHT
card.83994433.desc,"调整＋调整以外的怪兽1只以上
1回合1次，选择自己场上表侧表示存在的1张卡才能发动。选择的卡在这个回合只有1次不会被战斗以及卡的效果破坏。这个效果在对方回合也能发动。","1 Tuner + 1+ non-Tuner monsters
Once per turn (Quick Effect): You can target 1 face-up card you control; once during this turn, it cannot be destroyed by battle or card effects."
card.89631139.name,青眼白龙,Blue-Eyes White Dragon
card.89631139.types,[怪兽|通常] 龙/光,[Monster|Normal] Dragon/LIGHT
card.89631139.desc,以高攻击力著称的传说之龙。任何对手都能粉碎，其破坏力不可估量。,"This legendary dragon is a powerful engine of destruction. Virtually invincible, very few have faced this awesome creature and lived to tell the tale."
card.89943723.name,元素英雄 新宇侠,Elemental HERO Neos
card.89943723.types,[怪兽|通常] 战士/光,[Monster|Normal] Warrior/LIGHT
card.89943723.desc,从新宇宙来的新元素英雄。凭借与新空间侠接触融合，发挥未知的力量！,''A new Elemental HERO has arrived from Neo-Space! When he initiates a Contact Fusion with a Neo-Spacian his unknown powers are unleashed.''
card.90673289.name,闪刀姬-雫空,Sky Striker Ace - Shizuku
card.90673289.types,[怪兽|效果|连接] 机械/水,[Monster|Effect|Link] Machine/WATER
card.90673289.desc,"水属性以外的「闪刀姬」怪兽1只
自己对「闪刀姬-雫空」1回合只能有1次特殊召唤。
①：对方场上的怪兽的攻击力·守备力下降自己墓地的魔法卡数量×100。
②：这张卡特殊召唤的回合的结束阶段才能发动。同名卡不在自己墓地存在的1张「闪刀」魔法卡从卡组加入手卡。","1 non-WATER ""Sky Striker Ace"" monster
Monsters your opponent controls lose 100 ATK/DEF for each Spell in your GY. Once per turn, during the End Phase, if this card was Special Summoned this turn: You can add 1 ""Sky Striker"" Spell from your Deck to your hand, with a name different from the cards in your GY. You can only Special Summon ""Sky Striker Ace - Shizuku(s)"" once per turn."
card.93347961.name,元素英雄 火焰翼侠-火焰一击,Elemental HERO Flame Wingman - Infernal Rage
card.93347961.types,[怪兽|效果|融合] 战士/风,[Monster|Effect|Fusion] Warrior/WIND
card.93347961.desc,"属性不同的「元素英雄」怪兽×2
这张卡不用融合召唤不能特殊召唤。这个卡名的①②的效果1回合各能使用1次。
①：这张卡特殊召唤成功的场合才能发动。从自己的卡组·墓地选1张「至爱」卡加入手卡。
②：把用通常怪兽为素材作融合召唤的这张卡解放才能发动。从卡组·额外卡组把1只7星以下的不能通常召唤的「元素英雄」怪兽无视召唤条件特殊召唤。","2 ""Elemental HERO"" monsters with different Attributes
Must be Fusion Summoned. If this card is Special Summoned: You can add 1 card with ""Favorite"" in its name from your Deck or GY to your hand. You can Tribute this card that was Fusion Summoned using a Normal Monster(s) as material; Special Summon 1 Level 7 or lower ""Elemental HERO"" monster from your Deck or Extra Deck that cannot be Normal Summoned/Set, ignoring its Summoning conditions. You can only use each effect of ""Elemental HERO Flame Wingman - Infernal Rage"" once per turn."
card.94145021.name,小丑与锁鸟,Droll & Lock Bird
card.94145021.types,[怪兽|效果] 魔法师/风,[Monster|Effect] Spellcaster/WIND
card.94145021.desc,①：自己·对方回合，对方在抽卡阶段以外从卡组把卡加入手卡的场合，把这张卡从手卡送去墓地才能发动。这个回合，双方不能从卡组把卡加入手卡。,"If a card(s) is added from the Main Deck to your opponent's hand, except during the Draw Phase (Quick Effect): You can send this card from your hand to the GY; for the rest of this turn, cards cannot be added from either player's Main Deck to the hand."
card.94145022.name,小丑与锁鸟,Droll & Lock Bird
card.94145022.types,[怪兽|效果] 魔法师/风,[Monster|Effect] Spellcaster/WIND
card.94145022.desc,①：自己·对方回合，对方在抽卡阶段以外从卡组把卡加入手卡的场合，把这张卡从手卡送去墓地才能发动。这个回合，双方不能从卡组把卡加入手卡。,"If a card(s) is added from the Main Deck to your opponent's hand, except during the Draw Phase (Quick Effect): You can send this card from your hand to the GY; for the rest of this turn, cards cannot be added from either player's Main Deck to the hand."
card.97268402.name,效果遮蒙者,Effect Veiler
card.97268402.types,[怪兽|效果|调整] 魔法师/光,[Monster|Effect|Tuner] Spellcaster/LIGHT
card.97268402.desc,①：对方主要阶段，把这张卡从手卡送去墓地，以对方场上1只效果怪兽为对象才能发动。那只对方怪兽的效果直到回合结束时无效。,"During your opponent's Main Phase (Quick Effect): You can send this card from your hand to the GY, then target 1 Effect Monster your opponent controls; negate the effects of that face-up monster your opponent controls, until the end of this turn."
card.98338152.name,闪刀机-黑寡妇抓锚,Sky Striker Mecha - Widow Anchor
card.98338152.types,[魔法|速攻],[Spell|Quick-Play]
card.98338152.desc,①：自己的主要怪兽区域没有怪兽存在的场合，以场上1只效果怪兽为对象才能发动。那只怪兽的效果直到回合结束时无效。那之后，自己墓地有魔法卡3张以上存在的场合，可以把那只怪兽的控制权直到结束阶段得到。,"If you control no monsters in your Main Monster Zone: Target 1 face-up Effect Monster on the field; negate that face-up monster's effects until the end of this turn, then, if you have 3 or more Spells in your GY, you can take control of that monster until the End Phase."
card.98462037.name,闪刀姬-阿泽莉娅,Sky Striker Ace - Azalea
card.98462037.types,[怪兽|效果|连接] 机械/暗,[Monster|Effect|Link] Machine/DARK
card.98462037.desc,"光·暗属性怪兽2只
这张卡不用连接召唤不能特殊召唤，自己对「闪刀姬-阿泽莉娅」1回合只能有1次特殊召唤。
①：这张卡特殊召唤的场合，以场上1张卡为对象才能发动。那张卡破坏。那之后，自己墓地的魔法卡是3张以下的场合，这张卡送去墓地。
②：1回合1次，这张卡和对方怪兽进行战斗的伤害步骤开始时，从自己墓地把1张魔法卡除外才能发动。那只对方怪兽破坏。","2 LIGHT and/or DARK monsters
Must be Link Summoned. You can only Special Summon ""Sky Striker Ace - Azalea(s)"" once per turn. If this card is Special Summoned: You can target 1 card on the field; destroy it, then, if you have 3 or less Spells in your GY, send this card to the GY. Once per turn, at the start of the Damage Step, if this card battles an opponent's monster: You can banish 1 Spell from your GY; destroy that opponent's monster."
ui.loading.animated,正在加载中{dots},Loading{dots}
err.addressables_update_failed,Addressables 更新失败：{message},Addressables update failed: {message}
err.unsupported_platform,当前平台不支持内容更新：{message},Content updates are not supported on this platform: {message}
ui.lobby.deck,卡组,Deck
ui.lobby.exit,退出,Exit
ui.lobby.shop,商城,Shop
ui.lobby.mail,邮件,Mail
ui.lobby.friend,好友,Friends
ui.lobby.settings,设置,Settings
err.content_update_required,游戏内容已更新，请重启游戏,Game content has changed. Please restart the game.
err.content_not_ready,游戏配置未就绪，请重试,Game configuration is not ready. Please retry.
ui.content.restart_required,游戏内容已更新，请退出并重新启动游戏。,Game content has changed. Please quit and restart.
ui.content.check_failed,检查游戏内容失败，请检查网络后重试。,Unable to check game content. Check your connection and retry.
ui.content.exit,退出游戏,Quit game
ui.content.retry,重试,Retry
